location,"San Joaquin County, California"
climate variable,Maximum Temperature
units,°F
scenario,rcp45 
 
 name,date,value,min,max
Observed,Sun Jan 01 1950 00:00:00 GMT-0800 (Pacific Standard Time),74.53481675996555,,
Observed,Mon Jan 01 1951 00:00:00 GMT-0800 (Pacific Standard Time),73.50179395300196,,
Observed,Tue Jan 01 1952 00:00:00 GMT-0800 (Pacific Standard Time),73.03442344365158,,
Observed,Thu Jan 01 1953 00:00:00 GMT-0800 (Pacific Standard Time),73.57143516240157,,
Observed,Fri Jan 01 1954 00:00:00 GMT-0800 (Pacific Standard Time),72.373257566437,,
Observed,Sat Jan 01 1955 00:00:00 GMT-0800 (Pacific Standard Time),72.567416261688,,
Observed,Sun Jan 01 1956 00:00:00 GMT-0800 (Pacific Standard Time),73.29408487635334,,
Observed,Tue Jan 01 1957 00:00:00 GMT-0800 (Pacific Standard Time),72.74341204785925,,
Observed,Wed Jan 01 1958 00:00:00 GMT-0800 (Pacific Standard Time),74.85595318651575,,
Observed,Thu Jan 01 1959 00:00:00 GMT-0800 (Pacific Standard Time),76.28175366018701,,
Observed,Fri Jan 01 1960 00:00:00 GMT-0800 (Pacific Standard Time),74.75959876353346,,
Observed,Sun Jan 01 1961 00:00:00 GMT-0800 (Pacific Standard Time),73.63937392347441,,
Observed,Mon Jan 01 1962 00:00:00 GMT-0800 (Pacific Standard Time),72.81166569266732,,
Observed,Tue Jan 01 1963 00:00:00 GMT-0800 (Pacific Standard Time),71.07611997108759,,
Observed,Wed Jan 01 1964 00:00:00 GMT-0800 (Pacific Standard Time),73.32586391178643,,
Observed,Fri Jan 01 1965 00:00:00 GMT-0800 (Pacific Standard Time),72.23389556163878,,
Observed,Sat Jan 01 1966 00:00:00 GMT-0800 (Pacific Standard Time),74.47423451341044,,
Observed,Sun Jan 01 1967 00:00:00 GMT-0800 (Pacific Standard Time),73.27192882627952,,
Observed,Mon Jan 01 1968 00:00:00 GMT-0800 (Pacific Standard Time),73.52445866141733,,
Observed,Wed Jan 01 1969 00:00:00 GMT-0800 (Pacific Standard Time),73.79526559424212,,
Observed,Thu Jan 01 1970 00:00:00 GMT-0800 (Pacific Standard Time),74.77684124323326,,
Observed,Fri Jan 01 1971 00:00:00 GMT-0800 (Pacific Standard Time),72.70389932947835,,
Observed,Sat Jan 01 1972 00:00:00 GMT-0800 (Pacific Standard Time),73.03214659202756,,
Observed,Mon Jan 01 1973 00:00:00 GMT-0800 (Pacific Standard Time),73.84592035248524,,
Observed,Tue Jan 01 1974 00:00:00 GMT-0800 (Pacific Standard Time),74.51620747723918,,
Observed,Wed Jan 01 1975 00:00:00 GMT-0800 (Pacific Standard Time),72.72049474040354,,
Observed,Thu Jan 01 1976 00:00:00 GMT-0800 (Pacific Standard Time),75.20190660371556,,
Observed,Sat Jan 01 1977 00:00:00 GMT-0800 (Pacific Standard Time),74.60056863619587,,
Observed,Sun Jan 01 1978 00:00:00 GMT-0800 (Pacific Standard Time),74.08487904466043,,
Observed,Mon Jan 01 1979 00:00:00 GMT-0800 (Pacific Standard Time),74.6665696512057,,
Observed,Tue Jan 01 1980 00:00:00 GMT-0800 (Pacific Standard Time),73.91416707677166,,
Observed,Thu Jan 01 1981 00:00:00 GMT-0800 (Pacific Standard Time),75.40512426181103,,
Observed,Fri Jan 01 1982 00:00:00 GMT-0800 (Pacific Standard Time),71.75172897699312,,
Observed,Sat Jan 01 1983 00:00:00 GMT-0800 (Pacific Standard Time),72.8979507566437,,
Observed,Sun Jan 01 1984 00:00:00 GMT-0800 (Pacific Standard Time),74.79965474286418,,
Observed,Tue Jan 01 1985 00:00:00 GMT-0800 (Pacific Standard Time),72.80189391609252,,
Observed,Wed Jan 01 1986 00:00:00 GMT-0800 (Pacific Standard Time),74.84382843257873,,
Observed,Thu Jan 01 1987 00:00:00 GMT-0800 (Pacific Standard Time),74.84467273622047,,
Observed,Fri Jan 01 1988 00:00:00 GMT-0800 (Pacific Standard Time),75.70948534387304,,
Observed,Sun Jan 01 1989 00:00:00 GMT-0800 (Pacific Standard Time),73.79877429872047,,
Observed,Mon Jan 01 1990 00:00:00 GMT-0800 (Pacific Standard Time),75.30171436700294,,
Observed,Tue Jan 01 1991 00:00:00 GMT-0800 (Pacific Standard Time),74.78216658464567,,
Observed,Wed Jan 01 1992 00:00:00 GMT-0800 (Pacific Standard Time),75.67107644869587,,
Observed,Fri Jan 01 1993 00:00:00 GMT-0800 (Pacific Standard Time),74.31776843934547,,
Observed,Sat Jan 01 1994 00:00:00 GMT-0800 (Pacific Standard Time),74.06703447957678,,
Observed,Sun Jan 01 1995 00:00:00 GMT-0800 (Pacific Standard Time),74.88459722563977,,
Observed,Mon Jan 01 1996 00:00:00 GMT-0800 (Pacific Standard Time),75.88362989050196,,
Observed,Wed Jan 01 1997 00:00:00 GMT-0800 (Pacific Standard Time),75.76955201156497,,
Observed,Thu Jan 01 1998 00:00:00 GMT-0800 (Pacific Standard Time),71.98809593380906,,
Observed,Fri Jan 01 1999 00:00:00 GMT-0800 (Pacific Standard Time),73.6290069820374,,
Observed,Sat Jan 01 2000 00:00:00 GMT-0800 (Pacific Standard Time),74.25222763902559,,
Observed,Mon Jan 01 2001 00:00:00 GMT-0800 (Pacific Standard Time),75.844418214813,,
Observed,Tue Jan 01 2002 00:00:00 GMT-0800 (Pacific Standard Time),75.00737074003445,,
Observed,Wed Jan 01 2003 00:00:00 GMT-0800 (Pacific Standard Time),75.19083030880905,,
Observed,Thu Jan 01 2004 00:00:00 GMT-0800 (Pacific Standard Time),74.80047828494095,,
Observed,Sat Jan 01 2005 00:00:00 GMT-0800 (Pacific Standard Time),74.81896299827756,,
HadGEM2-ES,Sun Jan 01 1950 00:00:00 GMT-0800 (Pacific Standard Time),73.84242618110244,,
HadGEM2-ES,Mon Jan 01 1951 00:00:00 GMT-0800 (Pacific Standard Time),75.373688484252,,
HadGEM2-ES,Tue Jan 01 1952 00:00:00 GMT-0800 (Pacific Standard Time),73.94711983267717,,
HadGEM2-ES,Thu Jan 01 1953 00:00:00 GMT-0800 (Pacific Standard Time),74.41754921259844,,
HadGEM2-ES,Fri Jan 01 1954 00:00:00 GMT-0800 (Pacific Standard Time),72.50084153543311,,
HadGEM2-ES,Sat Jan 01 1955 00:00:00 GMT-0800 (Pacific Standard Time),72.89387180118116,,
HadGEM2-ES,Sun Jan 01 1956 00:00:00 GMT-0800 (Pacific Standard Time),74.11027805118115,,
HadGEM2-ES,Tue Jan 01 1957 00:00:00 GMT-0800 (Pacific Standard Time),74.74718750000005,,
HadGEM2-ES,Wed Jan 01 1958 00:00:00 GMT-0800 (Pacific Standard Time),73.99013779527567,,
HadGEM2-ES,Thu Jan 01 1959 00:00:00 GMT-0800 (Pacific Standard Time),72.98417076771662,,
HadGEM2-ES,Fri Jan 01 1960 00:00:00 GMT-0800 (Pacific Standard Time),74.62272883858276,,
HadGEM2-ES,Sun Jan 01 1961 00:00:00 GMT-0800 (Pacific Standard Time),74.92833907480323,,
HadGEM2-ES,Mon Jan 01 1962 00:00:00 GMT-0800 (Pacific Standard Time),73.16415969488196,,
HadGEM2-ES,Tue Jan 01 1963 00:00:00 GMT-0800 (Pacific Standard Time),72.74704601377957,,
HadGEM2-ES,Wed Jan 01 1964 00:00:00 GMT-0800 (Pacific Standard Time),73.37360236220474,,
HadGEM2-ES,Fri Jan 01 1965 00:00:00 GMT-0800 (Pacific Standard Time),74.90010334645669,,
HadGEM2-ES,Sat Jan 01 1966 00:00:00 GMT-0800 (Pacific Standard Time),76.35302534448826,,
HadGEM2-ES,Sun Jan 01 1967 00:00:00 GMT-0800 (Pacific Standard Time),72.48113188976379,,
HadGEM2-ES,Mon Jan 01 1968 00:00:00 GMT-0800 (Pacific Standard Time),73.91750000000005,,
HadGEM2-ES,Wed Jan 01 1969 00:00:00 GMT-0800 (Pacific Standard Time),73.14982037401583,,
HadGEM2-ES,Thu Jan 01 1970 00:00:00 GMT-0800 (Pacific Standard Time),74.57411909448825,,
HadGEM2-ES,Fri Jan 01 1971 00:00:00 GMT-0800 (Pacific Standard Time),73.86684178149615,,
HadGEM2-ES,Sat Jan 01 1972 00:00:00 GMT-0800 (Pacific Standard Time),76.08367864173232,,
HadGEM2-ES,Mon Jan 01 1973 00:00:00 GMT-0800 (Pacific Standard Time),75.41997293307088,,
HadGEM2-ES,Tue Jan 01 1974 00:00:00 GMT-0800 (Pacific Standard Time),75.66235728346459,,
HadGEM2-ES,Wed Jan 01 1975 00:00:00 GMT-0800 (Pacific Standard Time),74.514657972441,,
HadGEM2-ES,Thu Jan 01 1976 00:00:00 GMT-0800 (Pacific Standard Time),73.68834768700793,,
HadGEM2-ES,Sat Jan 01 1977 00:00:00 GMT-0800 (Pacific Standard Time),74.13629921259844,,
HadGEM2-ES,Sun Jan 01 1978 00:00:00 GMT-0800 (Pacific Standard Time),73.86462721456698,,
HadGEM2-ES,Mon Jan 01 1979 00:00:00 GMT-0800 (Pacific Standard Time),72.00865403543311,,
HadGEM2-ES,Tue Jan 01 1980 00:00:00 GMT-0800 (Pacific Standard Time),73.86811515748036,,
HadGEM2-ES,Thu Jan 01 1981 00:00:00 GMT-0800 (Pacific Standard Time),72.0824544783465,,
HadGEM2-ES,Fri Jan 01 1982 00:00:00 GMT-0800 (Pacific Standard Time),73.73009227362212,,
HadGEM2-ES,Sat Jan 01 1983 00:00:00 GMT-0800 (Pacific Standard Time),73.19156496063002,,
HadGEM2-ES,Sun Jan 01 1984 00:00:00 GMT-0800 (Pacific Standard Time),73.38461983267717,,
HadGEM2-ES,Tue Jan 01 1985 00:00:00 GMT-0800 (Pacific Standard Time),72.7419525098426,,
HadGEM2-ES,Wed Jan 01 1986 00:00:00 GMT-0800 (Pacific Standard Time),76.74876845472443,,
HadGEM2-ES,Thu Jan 01 1987 00:00:00 GMT-0800 (Pacific Standard Time),73.56538385826778,,
HadGEM2-ES,Fri Jan 01 1988 00:00:00 GMT-0800 (Pacific Standard Time),74.02900344488197,,
HadGEM2-ES,Sun Jan 01 1989 00:00:00 GMT-0800 (Pacific Standard Time),72.39238312007876,,
HadGEM2-ES,Mon Jan 01 1990 00:00:00 GMT-0800 (Pacific Standard Time),73.24897760826778,,
HadGEM2-ES,Tue Jan 01 1991 00:00:00 GMT-0800 (Pacific Standard Time),74.60202263779536,,
HadGEM2-ES,Wed Jan 01 1992 00:00:00 GMT-0800 (Pacific Standard Time),72.95560285433072,,
HadGEM2-ES,Fri Jan 01 1993 00:00:00 GMT-0800 (Pacific Standard Time),74.07761318897647,,
HadGEM2-ES,Sat Jan 01 1994 00:00:00 GMT-0800 (Pacific Standard Time),74.50231176181103,,
HadGEM2-ES,Sun Jan 01 1995 00:00:00 GMT-0800 (Pacific Standard Time),74.0766166338583,,
HadGEM2-ES,Mon Jan 01 1996 00:00:00 GMT-0800 (Pacific Standard Time),71.90589812992133,,
HadGEM2-ES,Wed Jan 01 1997 00:00:00 GMT-0800 (Pacific Standard Time),75.42174458661424,,
HadGEM2-ES,Thu Jan 01 1998 00:00:00 GMT-0800 (Pacific Standard Time),75.4444438976378,,
HadGEM2-ES,Fri Jan 01 1999 00:00:00 GMT-0800 (Pacific Standard Time),75.07023745078746,,
HadGEM2-ES,Sat Jan 01 2000 00:00:00 GMT-0800 (Pacific Standard Time),72.29964812992132,,
HadGEM2-ES,Mon Jan 01 2001 00:00:00 GMT-0800 (Pacific Standard Time),74.39972194881892,,
HadGEM2-ES,Tue Jan 01 2002 00:00:00 GMT-0800 (Pacific Standard Time),76.09043307086617,,
HadGEM2-ES,Wed Jan 01 2003 00:00:00 GMT-0800 (Pacific Standard Time),75.60588582677167,,
HadGEM2-ES,Thu Jan 01 2004 00:00:00 GMT-0800 (Pacific Standard Time),74.54616018700793,,
HadGEM2-ES,Sat Jan 01 2005 00:00:00 GMT-0800 (Pacific Standard Time),74.57843750000004,,
HadGEM2-ES,Sun Jan 01 2006 00:00:00 GMT-0800 (Pacific Standard Time),76.66090551181102,,
HadGEM2-ES,Mon Jan 01 2007 00:00:00 GMT-0800 (Pacific Standard Time),77.0729810531497,,
HadGEM2-ES,Tue Jan 01 2008 00:00:00 GMT-0800 (Pacific Standard Time),75.58041830708666,,
HadGEM2-ES,Thu Jan 01 2009 00:00:00 GMT-0800 (Pacific Standard Time),75.14431471456697,,
HadGEM2-ES,Fri Jan 01 2010 00:00:00 GMT-0800 (Pacific Standard Time),76.2209817913386,,
HadGEM2-ES,Sat Jan 01 2011 00:00:00 GMT-0800 (Pacific Standard Time),74.54632627952762,,
HadGEM2-ES,Sun Jan 01 2012 00:00:00 GMT-0800 (Pacific Standard Time),76.37622293307086,,
HadGEM2-ES,Tue Jan 01 2013 00:00:00 GMT-0800 (Pacific Standard Time),75.01155142716539,,
HadGEM2-ES,Wed Jan 01 2014 00:00:00 GMT-0800 (Pacific Standard Time),75.65969980314969,,
HadGEM2-ES,Thu Jan 01 2015 00:00:00 GMT-0800 (Pacific Standard Time),75.26672490157486,,
HadGEM2-ES,Fri Jan 01 2016 00:00:00 GMT-0800 (Pacific Standard Time),75.86969611220474,,
HadGEM2-ES,Sun Jan 01 2017 00:00:00 GMT-0800 (Pacific Standard Time),75.28610236220473,,
HadGEM2-ES,Mon Jan 01 2018 00:00:00 GMT-0800 (Pacific Standard Time),75.50257627952762,,
HadGEM2-ES,Tue Jan 01 2019 00:00:00 GMT-0800 (Pacific Standard Time),76.42704724409455,,
HadGEM2-ES,Wed Jan 01 2020 00:00:00 GMT-0800 (Pacific Standard Time),75.84345349409455,,
HadGEM2-ES,Fri Jan 01 2021 00:00:00 GMT-0800 (Pacific Standard Time),77.26326771653551,,
HadGEM2-ES,Sat Jan 01 2022 00:00:00 GMT-0800 (Pacific Standard Time),76.67026205708666,,
HadGEM2-ES,Sun Jan 01 2023 00:00:00 GMT-0800 (Pacific Standard Time),76.16229576771663,,
HadGEM2-ES,Mon Jan 01 2024 00:00:00 GMT-0800 (Pacific Standard Time),76.6256938976378,,
HadGEM2-ES,Wed Jan 01 2025 00:00:00 GMT-0800 (Pacific Standard Time),77.8306951279528,,
HadGEM2-ES,Thu Jan 01 2026 00:00:00 GMT-0800 (Pacific Standard Time),77.96916092519685,,
HadGEM2-ES,Fri Jan 01 2027 00:00:00 GMT-0800 (Pacific Standard Time),78.53531496063002,,
HadGEM2-ES,Sat Jan 01 2028 00:00:00 GMT-0800 (Pacific Standard Time),74.99682455708665,,
HadGEM2-ES,Mon Jan 01 2029 00:00:00 GMT-0800 (Pacific Standard Time),75.29562500000004,,
HadGEM2-ES,Tue Jan 01 2030 00:00:00 GMT-0800 (Pacific Standard Time),76.79001476377957,,
HadGEM2-ES,Wed Jan 01 2031 00:00:00 GMT-0800 (Pacific Standard Time),76.64484990157487,,
HadGEM2-ES,Thu Jan 01 2032 00:00:00 GMT-0800 (Pacific Standard Time),76.46093011811024,,
HadGEM2-ES,Sat Jan 01 2033 00:00:00 GMT-0800 (Pacific Standard Time),75.55960137795279,,
HadGEM2-ES,Sun Jan 01 2034 00:00:00 GMT-0800 (Pacific Standard Time),79.58230684055118,,
HadGEM2-ES,Mon Jan 01 2035 00:00:00 GMT-0800 (Pacific Standard Time),76.67020669291344,,
HadGEM2-ES,Tue Jan 01 2036 00:00:00 GMT-0800 (Pacific Standard Time),78.30023868110244,,
HadGEM2-ES,Thu Jan 01 2037 00:00:00 GMT-0800 (Pacific Standard Time),75.8964923720473,,
HadGEM2-ES,Fri Jan 01 2038 00:00:00 GMT-0800 (Pacific Standard Time),77.00062007874021,,
HadGEM2-ES,Sat Jan 01 2039 00:00:00 GMT-0800 (Pacific Standard Time),78.26790600393701,,
HadGEM2-ES,Sun Jan 01 2040 00:00:00 GMT-0800 (Pacific Standard Time),77.5476181102363,,
HadGEM2-ES,Tue Jan 01 2041 00:00:00 GMT-0800 (Pacific Standard Time),77.59146653543311,,
HadGEM2-ES,Wed Jan 01 2042 00:00:00 GMT-0800 (Pacific Standard Time),77.03738188976378,,
HadGEM2-ES,Thu Jan 01 2043 00:00:00 GMT-0800 (Pacific Standard Time),79.61569143700794,,
HadGEM2-ES,Fri Jan 01 2044 00:00:00 GMT-0800 (Pacific Standard Time),79.4023732775591,,
HadGEM2-ES,Sun Jan 01 2045 00:00:00 GMT-0800 (Pacific Standard Time),76.64695374015749,,
HadGEM2-ES,Mon Jan 01 2046 00:00:00 GMT-0800 (Pacific Standard Time),76.9683427657481,,
HadGEM2-ES,Tue Jan 01 2047 00:00:00 GMT-0800 (Pacific Standard Time),77.84304133858276,,
HadGEM2-ES,Wed Jan 01 2048 00:00:00 GMT-0800 (Pacific Standard Time),79.42169537401583,,
HadGEM2-ES,Fri Jan 01 2049 00:00:00 GMT-0800 (Pacific Standard Time),77.68658218503941,,
HadGEM2-ES,Sat Jan 01 2050 00:00:00 GMT-0800 (Pacific Standard Time),78.53647760826777,,
HadGEM2-ES,Sun Jan 01 2051 00:00:00 GMT-0800 (Pacific Standard Time),78.80117372047246,,
HadGEM2-ES,Mon Jan 01 2052 00:00:00 GMT-0800 (Pacific Standard Time),77.13371555118115,,
HadGEM2-ES,Wed Jan 01 2053 00:00:00 GMT-0800 (Pacific Standard Time),77.72312253937008,,
HadGEM2-ES,Thu Jan 01 2054 00:00:00 GMT-0800 (Pacific Standard Time),79.79479453740164,,
HadGEM2-ES,Fri Jan 01 2055 00:00:00 GMT-0800 (Pacific Standard Time),77.87592765748036,,
HadGEM2-ES,Sat Jan 01 2056 00:00:00 GMT-0800 (Pacific Standard Time),78.4833833661418,,
HadGEM2-ES,Mon Jan 01 2057 00:00:00 GMT-0800 (Pacific Standard Time),79.81821358267717,,
HadGEM2-ES,Tue Jan 01 2058 00:00:00 GMT-0800 (Pacific Standard Time),80.1346751968504,,
HadGEM2-ES,Wed Jan 01 2059 00:00:00 GMT-0800 (Pacific Standard Time),81.1800615157481,,
HadGEM2-ES,Thu Jan 01 2060 00:00:00 GMT-0800 (Pacific Standard Time),76.99785187007876,,
HadGEM2-ES,Sat Jan 01 2061 00:00:00 GMT-0800 (Pacific Standard Time),77.85522145669296,,
HadGEM2-ES,Sun Jan 01 2062 00:00:00 GMT-0800 (Pacific Standard Time),79.93015994094489,,
HadGEM2-ES,Mon Jan 01 2063 00:00:00 GMT-0800 (Pacific Standard Time),78.51466412401584,,
HadGEM2-ES,Tue Jan 01 2064 00:00:00 GMT-0800 (Pacific Standard Time),81.24289985236229,,
HadGEM2-ES,Thu Jan 01 2065 00:00:00 GMT-0800 (Pacific Standard Time),79.28239911417327,,
HadGEM2-ES,Fri Jan 01 2066 00:00:00 GMT-0800 (Pacific Standard Time),81.07553395669295,,
HadGEM2-ES,Sat Jan 01 2067 00:00:00 GMT-0800 (Pacific Standard Time),79.98663139763781,,
HadGEM2-ES,Sun Jan 01 2068 00:00:00 GMT-0800 (Pacific Standard Time),78.68645915354341,,
HadGEM2-ES,Tue Jan 01 2069 00:00:00 GMT-0800 (Pacific Standard Time),79.89206938976378,,
HadGEM2-ES,Wed Jan 01 2070 00:00:00 GMT-0800 (Pacific Standard Time),79.52411909448826,,
HadGEM2-ES,Thu Jan 01 2071 00:00:00 GMT-0800 (Pacific Standard Time),80.800595472441,,
HadGEM2-ES,Fri Jan 01 2072 00:00:00 GMT-0800 (Pacific Standard Time),79.93774483267717,,
HadGEM2-ES,Sun Jan 01 2073 00:00:00 GMT-0800 (Pacific Standard Time),78.0439025590552,,
HadGEM2-ES,Mon Jan 01 2074 00:00:00 GMT-0800 (Pacific Standard Time),80.81814591535439,,
HadGEM2-ES,Tue Jan 01 2075 00:00:00 GMT-0800 (Pacific Standard Time),78.91588828740164,,
HadGEM2-ES,Wed Jan 01 2076 00:00:00 GMT-0800 (Pacific Standard Time),79.54903297244101,,
HadGEM2-ES,Fri Jan 01 2077 00:00:00 GMT-0800 (Pacific Standard Time),78.1051353346457,,
HadGEM2-ES,Sat Jan 01 2078 00:00:00 GMT-0800 (Pacific Standard Time),79.91172367125989,,
HadGEM2-ES,Sun Jan 01 2079 00:00:00 GMT-0800 (Pacific Standard Time),79.90380659448826,,
HadGEM2-ES,Mon Jan 01 2080 00:00:00 GMT-0800 (Pacific Standard Time),79.09117125984261,,
HadGEM2-ES,Wed Jan 01 2081 00:00:00 GMT-0800 (Pacific Standard Time),82.94285679133861,,
HadGEM2-ES,Thu Jan 01 2082 00:00:00 GMT-0800 (Pacific Standard Time),79.55030634842521,,
HadGEM2-ES,Fri Jan 01 2083 00:00:00 GMT-0800 (Pacific Standard Time),81.41868110236229,,
HadGEM2-ES,Sat Jan 01 2084 00:00:00 GMT-0800 (Pacific Standard Time),80.7637782972441,,
HadGEM2-ES,Mon Jan 01 2085 00:00:00 GMT-0800 (Pacific Standard Time),82.5257431102363,,
HadGEM2-ES,Tue Jan 01 2086 00:00:00 GMT-0800 (Pacific Standard Time),81.51623277559055,,
HadGEM2-ES,Wed Jan 01 2087 00:00:00 GMT-0800 (Pacific Standard Time),80.99237696850395,,
HadGEM2-ES,Thu Jan 01 2088 00:00:00 GMT-0800 (Pacific Standard Time),77.86884104330713,,
HadGEM2-ES,Sat Jan 01 2089 00:00:00 GMT-0800 (Pacific Standard Time),79.13291584645668,,
HadGEM2-ES,Sun Jan 01 2090 00:00:00 GMT-0800 (Pacific Standard Time),80.39687992125988,,
HadGEM2-ES,Mon Jan 01 2091 00:00:00 GMT-0800 (Pacific Standard Time),81.1027177657481,,
HadGEM2-ES,Tue Jan 01 2092 00:00:00 GMT-0800 (Pacific Standard Time),80.07510334645669,,
HadGEM2-ES,Thu Jan 01 2093 00:00:00 GMT-0800 (Pacific Standard Time),79.02207677165359,,
HadGEM2-ES,Fri Jan 01 2094 00:00:00 GMT-0800 (Pacific Standard Time),82.81939468503941,,
HadGEM2-ES,Sat Jan 01 2095 00:00:00 GMT-0800 (Pacific Standard Time),80.47671505905518,,
HadGEM2-ES,Sun Jan 01 2096 00:00:00 GMT-0800 (Pacific Standard Time),79.06681102362212,,
HadGEM2-ES,Tue Jan 01 2097 00:00:00 GMT-0800 (Pacific Standard Time),80.61130536417326,,
HadGEM2-ES,Wed Jan 01 2098 00:00:00 GMT-0800 (Pacific Standard Time),80.28116879921262,,
HadGEM2-ES,Thu Jan 01 2099 00:00:00 GMT-0800 (Pacific Standard Time),76.83264517716538,,
CNRM-CM5,Sun Jan 01 1950 00:00:00 GMT-0800 (Pacific Standard Time),73.19344734251973,,
CNRM-CM5,Mon Jan 01 1951 00:00:00 GMT-0800 (Pacific Standard Time),72.83280511811023,,
CNRM-CM5,Tue Jan 01 1952 00:00:00 GMT-0800 (Pacific Standard Time),74.95513533464569,,
CNRM-CM5,Thu Jan 01 1953 00:00:00 GMT-0800 (Pacific Standard Time),72.43230068897647,,
CNRM-CM5,Fri Jan 01 1954 00:00:00 GMT-0800 (Pacific Standard Time),73.83417691929135,,
CNRM-CM5,Sat Jan 01 1955 00:00:00 GMT-0800 (Pacific Standard Time),73.24859005905519,,
CNRM-CM5,Sun Jan 01 1956 00:00:00 GMT-0800 (Pacific Standard Time),74.69835629921263,,
CNRM-CM5,Tue Jan 01 1957 00:00:00 GMT-0800 (Pacific Standard Time),72.54795644685039,,
CNRM-CM5,Wed Jan 01 1958 00:00:00 GMT-0800 (Pacific Standard Time),72.74078986220474,,
CNRM-CM5,Thu Jan 01 1959 00:00:00 GMT-0800 (Pacific Standard Time),73.444468503937,,
CNRM-CM5,Fri Jan 01 1960 00:00:00 GMT-0800 (Pacific Standard Time),75.12034202755908,,
CNRM-CM5,Sun Jan 01 1961 00:00:00 GMT-0800 (Pacific Standard Time),72.55216412401583,,
CNRM-CM5,Mon Jan 01 1962 00:00:00 GMT-0800 (Pacific Standard Time),74.19941437007876,,
CNRM-CM5,Tue Jan 01 1963 00:00:00 GMT-0800 (Pacific Standard Time),73.34625246063001,,
CNRM-CM5,Wed Jan 01 1964 00:00:00 GMT-0800 (Pacific Standard Time),71.63228838582683,,
CNRM-CM5,Fri Jan 01 1965 00:00:00 GMT-0800 (Pacific Standard Time),72.82411294291343,,
CNRM-CM5,Sat Jan 01 1966 00:00:00 GMT-0800 (Pacific Standard Time),73.61355068897646,,
CNRM-CM5,Sun Jan 01 1967 00:00:00 GMT-0800 (Pacific Standard Time),73.05033095472442,,
CNRM-CM5,Mon Jan 01 1968 00:00:00 GMT-0800 (Pacific Standard Time),73.139190452756,,
CNRM-CM5,Wed Jan 01 1969 00:00:00 GMT-0800 (Pacific Standard Time),74.19692298228347,,
CNRM-CM5,Thu Jan 01 1970 00:00:00 GMT-0800 (Pacific Standard Time),73.78451525590555,,
CNRM-CM5,Fri Jan 01 1971 00:00:00 GMT-0800 (Pacific Standard Time),74.25405880905518,,
CNRM-CM5,Sat Jan 01 1972 00:00:00 GMT-0800 (Pacific Standard Time),73.31214812992133,,
CNRM-CM5,Mon Jan 01 1973 00:00:00 GMT-0800 (Pacific Standard Time),72.98505659448826,,
CNRM-CM5,Tue Jan 01 1974 00:00:00 GMT-0800 (Pacific Standard Time),71.99752583661423,,
CNRM-CM5,Wed Jan 01 1975 00:00:00 GMT-0800 (Pacific Standard Time),74.06471333661423,,
CNRM-CM5,Thu Jan 01 1976 00:00:00 GMT-0800 (Pacific Standard Time),74.12799458661422,,
CNRM-CM5,Sat Jan 01 1977 00:00:00 GMT-0800 (Pacific Standard Time),73.47702263779536,,
CNRM-CM5,Sun Jan 01 1978 00:00:00 GMT-0800 (Pacific Standard Time),74.570907972441,,
CNRM-CM5,Mon Jan 01 1979 00:00:00 GMT-0800 (Pacific Standard Time),73.17611835629924,,
CNRM-CM5,Tue Jan 01 1980 00:00:00 GMT-0800 (Pacific Standard Time),76.2476673228347,,
CNRM-CM5,Thu Jan 01 1981 00:00:00 GMT-0800 (Pacific Standard Time),73.60690698818905,,
CNRM-CM5,Fri Jan 01 1982 00:00:00 GMT-0800 (Pacific Standard Time),73.17656126968507,,
CNRM-CM5,Sat Jan 01 1983 00:00:00 GMT-0800 (Pacific Standard Time),73.09628321850394,,
CNRM-CM5,Sun Jan 01 1984 00:00:00 GMT-0800 (Pacific Standard Time),74.55961368110243,,
CNRM-CM5,Tue Jan 01 1985 00:00:00 GMT-0800 (Pacific Standard Time),72.20874015748036,,
CNRM-CM5,Wed Jan 01 1986 00:00:00 GMT-0800 (Pacific Standard Time),76.14502214566937,,
CNRM-CM5,Thu Jan 01 1987 00:00:00 GMT-0800 (Pacific Standard Time),74.65993356299215,,
CNRM-CM5,Fri Jan 01 1988 00:00:00 GMT-0800 (Pacific Standard Time),74.29403174212601,,
CNRM-CM5,Sun Jan 01 1989 00:00:00 GMT-0800 (Pacific Standard Time),73.88943036417328,,
CNRM-CM5,Mon Jan 01 1990 00:00:00 GMT-0800 (Pacific Standard Time),76.09082062007877,,
CNRM-CM5,Tue Jan 01 1991 00:00:00 GMT-0800 (Pacific Standard Time),74.64697834645668,,
CNRM-CM5,Wed Jan 01 1992 00:00:00 GMT-0800 (Pacific Standard Time),75.52400221456698,,
CNRM-CM5,Fri Jan 01 1993 00:00:00 GMT-0800 (Pacific Standard Time),72.04807332677167,,
CNRM-CM5,Sat Jan 01 1994 00:00:00 GMT-0800 (Pacific Standard Time),74.16818897637796,,
CNRM-CM5,Sun Jan 01 1995 00:00:00 GMT-0800 (Pacific Standard Time),75.76168061023631,,
CNRM-CM5,Mon Jan 01 1996 00:00:00 GMT-0800 (Pacific Standard Time),75.02998769685038,,
CNRM-CM5,Wed Jan 01 1997 00:00:00 GMT-0800 (Pacific Standard Time),75.38442913385828,,
CNRM-CM5,Thu Jan 01 1998 00:00:00 GMT-0800 (Pacific Standard Time),75.77928641732292,,
CNRM-CM5,Fri Jan 01 1999 00:00:00 GMT-0800 (Pacific Standard Time),75.16252952755909,,
CNRM-CM5,Sat Jan 01 2000 00:00:00 GMT-0800 (Pacific Standard Time),74.85381889763781,,
CNRM-CM5,Mon Jan 01 2001 00:00:00 GMT-0800 (Pacific Standard Time),75.86366141732293,,
CNRM-CM5,Tue Jan 01 2002 00:00:00 GMT-0800 (Pacific Standard Time),74.83737573818905,,
CNRM-CM5,Wed Jan 01 2003 00:00:00 GMT-0800 (Pacific Standard Time),73.67112942913391,,
CNRM-CM5,Thu Jan 01 2004 00:00:00 GMT-0800 (Pacific Standard Time),75.95019562007877,,
CNRM-CM5,Sat Jan 01 2005 00:00:00 GMT-0800 (Pacific Standard Time),76.84975270669295,,
CNRM-CM5,Sun Jan 01 2006 00:00:00 GMT-0800 (Pacific Standard Time),76.36570374015749,,
CNRM-CM5,Mon Jan 01 2007 00:00:00 GMT-0800 (Pacific Standard Time),76.34394562007876,,
CNRM-CM5,Tue Jan 01 2008 00:00:00 GMT-0800 (Pacific Standard Time),76.20559055118116,,
CNRM-CM5,Thu Jan 01 2009 00:00:00 GMT-0800 (Pacific Standard Time),74.87851131889764,,
CNRM-CM5,Fri Jan 01 2010 00:00:00 GMT-0800 (Pacific Standard Time),77.61925935039375,,
CNRM-CM5,Sat Jan 01 2011 00:00:00 GMT-0800 (Pacific Standard Time),75.85214566929136,,
CNRM-CM5,Sun Jan 01 2012 00:00:00 GMT-0800 (Pacific Standard Time),76.30269931102362,,
CNRM-CM5,Tue Jan 01 2013 00:00:00 GMT-0800 (Pacific Standard Time),77.12402682086618,,
CNRM-CM5,Wed Jan 01 2014 00:00:00 GMT-0800 (Pacific Standard Time),76.182282234252,,
CNRM-CM5,Thu Jan 01 2015 00:00:00 GMT-0800 (Pacific Standard Time),74.73439837598426,,
CNRM-CM5,Fri Jan 01 2016 00:00:00 GMT-0800 (Pacific Standard Time),75.81959153543312,,
CNRM-CM5,Sun Jan 01 2017 00:00:00 GMT-0800 (Pacific Standard Time),76.01109621063001,,
CNRM-CM5,Mon Jan 01 2018 00:00:00 GMT-0800 (Pacific Standard Time),74.47468503937007,,
CNRM-CM5,Tue Jan 01 2019 00:00:00 GMT-0800 (Pacific Standard Time),75.98989173228347,,
CNRM-CM5,Wed Jan 01 2020 00:00:00 GMT-0800 (Pacific Standard Time),73.83705585629924,,
CNRM-CM5,Fri Jan 01 2021 00:00:00 GMT-0800 (Pacific Standard Time),74.66325541338585,,
CNRM-CM5,Sat Jan 01 2022 00:00:00 GMT-0800 (Pacific Standard Time),76.04625246063001,,
CNRM-CM5,Sun Jan 01 2023 00:00:00 GMT-0800 (Pacific Standard Time),76.30840182086618,,
CNRM-CM5,Mon Jan 01 2024 00:00:00 GMT-0800 (Pacific Standard Time),76.65680856299215,,
CNRM-CM5,Wed Jan 01 2025 00:00:00 GMT-0800 (Pacific Standard Time),75.4067962598426,,
CNRM-CM5,Thu Jan 01 2026 00:00:00 GMT-0800 (Pacific Standard Time),75.85436023622051,,
CNRM-CM5,Fri Jan 01 2027 00:00:00 GMT-0800 (Pacific Standard Time),76.98030142716539,,
CNRM-CM5,Sat Jan 01 2028 00:00:00 GMT-0800 (Pacific Standard Time),75.16031496063002,,
CNRM-CM5,Mon Jan 01 2029 00:00:00 GMT-0800 (Pacific Standard Time),76.56855807086617,,
CNRM-CM5,Tue Jan 01 2030 00:00:00 GMT-0800 (Pacific Standard Time),76.81935777559056,,
CNRM-CM5,Wed Jan 01 2031 00:00:00 GMT-0800 (Pacific Standard Time),76.481968503937,,
CNRM-CM5,Thu Jan 01 2032 00:00:00 GMT-0800 (Pacific Standard Time),75.42761318897647,,
CNRM-CM5,Sat Jan 01 2033 00:00:00 GMT-0800 (Pacific Standard Time),77.71935777559055,,
CNRM-CM5,Sun Jan 01 2034 00:00:00 GMT-0800 (Pacific Standard Time),76.7162696850394,,
CNRM-CM5,Mon Jan 01 2035 00:00:00 GMT-0800 (Pacific Standard Time),75.76300935039376,,
CNRM-CM5,Tue Jan 01 2036 00:00:00 GMT-0800 (Pacific Standard Time),76.13378321850394,,
CNRM-CM5,Thu Jan 01 2037 00:00:00 GMT-0800 (Pacific Standard Time),77.35229330708665,,
CNRM-CM5,Fri Jan 01 2038 00:00:00 GMT-0800 (Pacific Standard Time),74.99034694881892,,
CNRM-CM5,Sat Jan 01 2039 00:00:00 GMT-0800 (Pacific Standard Time),76.53478592519684,,
CNRM-CM5,Sun Jan 01 2040 00:00:00 GMT-0800 (Pacific Standard Time),77.6379724409449,,
CNRM-CM5,Tue Jan 01 2041 00:00:00 GMT-0800 (Pacific Standard Time),75.22653051181103,,
CNRM-CM5,Wed Jan 01 2042 00:00:00 GMT-0800 (Pacific Standard Time),77.4020103346457,,
CNRM-CM5,Thu Jan 01 2043 00:00:00 GMT-0800 (Pacific Standard Time),78.3427583661418,,
CNRM-CM5,Fri Jan 01 2044 00:00:00 GMT-0800 (Pacific Standard Time),76.15227485236228,,
CNRM-CM5,Sun Jan 01 2045 00:00:00 GMT-0800 (Pacific Standard Time),75.81449803149616,,
CNRM-CM5,Mon Jan 01 2046 00:00:00 GMT-0800 (Pacific Standard Time),75.53944881889765,,
CNRM-CM5,Tue Jan 01 2047 00:00:00 GMT-0800 (Pacific Standard Time),78.30084768700794,,
CNRM-CM5,Wed Jan 01 2048 00:00:00 GMT-0800 (Pacific Standard Time),77.93477977362213,,
CNRM-CM5,Fri Jan 01 2049 00:00:00 GMT-0800 (Pacific Standard Time),77.17756397637797,,
CNRM-CM5,Sat Jan 01 2050 00:00:00 GMT-0800 (Pacific Standard Time),78.10995201771664,,
CNRM-CM5,Sun Jan 01 2051 00:00:00 GMT-0800 (Pacific Standard Time),77.46147145669295,,
CNRM-CM5,Mon Jan 01 2052 00:00:00 GMT-0800 (Pacific Standard Time),78.4461786417323,,
CNRM-CM5,Wed Jan 01 2053 00:00:00 GMT-0800 (Pacific Standard Time),77.1085802165355,,
CNRM-CM5,Thu Jan 01 2054 00:00:00 GMT-0800 (Pacific Standard Time),79.02296259842521,,
CNRM-CM5,Fri Jan 01 2055 00:00:00 GMT-0800 (Pacific Standard Time),76.80773129921263,,
CNRM-CM5,Sat Jan 01 2056 00:00:00 GMT-0800 (Pacific Standard Time),76.79189714566937,,
CNRM-CM5,Mon Jan 01 2057 00:00:00 GMT-0800 (Pacific Standard Time),76.64440698818905,,
CNRM-CM5,Tue Jan 01 2058 00:00:00 GMT-0800 (Pacific Standard Time),78.03548720472442,,
CNRM-CM5,Wed Jan 01 2059 00:00:00 GMT-0800 (Pacific Standard Time),75.85668553149614,,
CNRM-CM5,Thu Jan 01 2060 00:00:00 GMT-0800 (Pacific Standard Time),78.36213582677166,,
CNRM-CM5,Sat Jan 01 2061 00:00:00 GMT-0800 (Pacific Standard Time),76.47394069881892,,
CNRM-CM5,Sun Jan 01 2062 00:00:00 GMT-0800 (Pacific Standard Time),78.77692421259844,,
CNRM-CM5,Mon Jan 01 2063 00:00:00 GMT-0800 (Pacific Standard Time),77.40250861220474,,
CNRM-CM5,Tue Jan 01 2064 00:00:00 GMT-0800 (Pacific Standard Time),78.57019438976377,,
CNRM-CM5,Thu Jan 01 2065 00:00:00 GMT-0800 (Pacific Standard Time),77.45549212598425,,
CNRM-CM5,Fri Jan 01 2066 00:00:00 GMT-0800 (Pacific Standard Time),77.8005216535434,,
CNRM-CM5,Sat Jan 01 2067 00:00:00 GMT-0800 (Pacific Standard Time),76.93999630905519,,
CNRM-CM5,Sun Jan 01 2068 00:00:00 GMT-0800 (Pacific Standard Time),79.26767224409454,,
CNRM-CM5,Tue Jan 01 2069 00:00:00 GMT-0800 (Pacific Standard Time),78.96776451771663,,
CNRM-CM5,Wed Jan 01 2070 00:00:00 GMT-0800 (Pacific Standard Time),78.58879675196857,,
CNRM-CM5,Thu Jan 01 2071 00:00:00 GMT-0800 (Pacific Standard Time),78.25035556102361,,
CNRM-CM5,Fri Jan 01 2072 00:00:00 GMT-0800 (Pacific Standard Time),79.69475147637797,,
CNRM-CM5,Sun Jan 01 2073 00:00:00 GMT-0800 (Pacific Standard Time),79.37646284448826,,
CNRM-CM5,Mon Jan 01 2074 00:00:00 GMT-0800 (Pacific Standard Time),78.79137426181103,,
CNRM-CM5,Tue Jan 01 2075 00:00:00 GMT-0800 (Pacific Standard Time),77.20164739173231,,
CNRM-CM5,Wed Jan 01 2076 00:00:00 GMT-0800 (Pacific Standard Time),79.81732775590554,,
CNRM-CM5,Fri Jan 01 2077 00:00:00 GMT-0800 (Pacific Standard Time),77.64328740157487,,
CNRM-CM5,Sat Jan 01 2078 00:00:00 GMT-0800 (Pacific Standard Time),77.97048966535439,,
CNRM-CM5,Sun Jan 01 2079 00:00:00 GMT-0800 (Pacific Standard Time),78.65562130905519,,
CNRM-CM5,Mon Jan 01 2080 00:00:00 GMT-0800 (Pacific Standard Time),77.72638902559055,,
CNRM-CM5,Wed Jan 01 2081 00:00:00 GMT-0800 (Pacific Standard Time),77.3029638287402,,
CNRM-CM5,Thu Jan 01 2082 00:00:00 GMT-0800 (Pacific Standard Time),79.6269857283465,,
CNRM-CM5,Fri Jan 01 2083 00:00:00 GMT-0800 (Pacific Standard Time),78.68003690944889,,
CNRM-CM5,Sat Jan 01 2084 00:00:00 GMT-0800 (Pacific Standard Time),78.76385826771663,,
CNRM-CM5,Mon Jan 01 2085 00:00:00 GMT-0800 (Pacific Standard Time),77.49181102362212,,
CNRM-CM5,Tue Jan 01 2086 00:00:00 GMT-0800 (Pacific Standard Time),80.19513287401583,,
CNRM-CM5,Wed Jan 01 2087 00:00:00 GMT-0800 (Pacific Standard Time),78.21232037401583,,
CNRM-CM5,Thu Jan 01 2088 00:00:00 GMT-0800 (Pacific Standard Time),77.52552780511812,,
CNRM-CM5,Sat Jan 01 2089 00:00:00 GMT-0800 (Pacific Standard Time),77.73220226377956,,
CNRM-CM5,Sun Jan 01 2090 00:00:00 GMT-0800 (Pacific Standard Time),77.42044660433072,,
CNRM-CM5,Mon Jan 01 2091 00:00:00 GMT-0800 (Pacific Standard Time),78.43743110236228,,
CNRM-CM5,Tue Jan 01 2092 00:00:00 GMT-0800 (Pacific Standard Time),78.98498277559055,,
CNRM-CM5,Thu Jan 01 2093 00:00:00 GMT-0800 (Pacific Standard Time),78.40781126968506,,
CNRM-CM5,Fri Jan 01 2094 00:00:00 GMT-0800 (Pacific Standard Time),79.65068159448825,,
CNRM-CM5,Sat Jan 01 2095 00:00:00 GMT-0800 (Pacific Standard Time),79.33831692913391,,
CNRM-CM5,Sun Jan 01 2096 00:00:00 GMT-0800 (Pacific Standard Time),78.40720226377957,,
CNRM-CM5,Tue Jan 01 2097 00:00:00 GMT-0800 (Pacific Standard Time),77.24123277559056,,
CNRM-CM5,Wed Jan 01 2098 00:00:00 GMT-0800 (Pacific Standard Time),79.07738558070874,,
CNRM-CM5,Thu Jan 01 2099 00:00:00 GMT-0800 (Pacific Standard Time),78.93808932086617,,
CNRM-CM5,Fri Jan 01 2100 00:00:00 GMT-0800 (Pacific Standard Time),78.58835383858276,,
CanESM2,Sun Jan 01 1950 00:00:00 GMT-0800 (Pacific Standard Time),74.81218503937006,,
CanESM2,Mon Jan 01 1951 00:00:00 GMT-0800 (Pacific Standard Time),72.70402805118115,,
CanESM2,Tue Jan 01 1952 00:00:00 GMT-0800 (Pacific Standard Time),73.29221702755908,,
CanESM2,Thu Jan 01 1953 00:00:00 GMT-0800 (Pacific Standard Time),73.04507135826778,,
CanESM2,Fri Jan 01 1954 00:00:00 GMT-0800 (Pacific Standard Time),72.24550196850393,,
CanESM2,Sat Jan 01 1955 00:00:00 GMT-0800 (Pacific Standard Time),72.74643700787408,,
CanESM2,Sun Jan 01 1956 00:00:00 GMT-0800 (Pacific Standard Time),72.98284202755909,,
CanESM2,Tue Jan 01 1957 00:00:00 GMT-0800 (Pacific Standard Time),72.72744709645669,,
CanESM2,Wed Jan 01 1958 00:00:00 GMT-0800 (Pacific Standard Time),72.80180118110243,,
CanESM2,Thu Jan 01 1959 00:00:00 GMT-0800 (Pacific Standard Time),74.31889025590553,,
CanESM2,Fri Jan 01 1960 00:00:00 GMT-0800 (Pacific Standard Time),73.72416830708666,,
CanESM2,Sun Jan 01 1961 00:00:00 GMT-0800 (Pacific Standard Time),72.46540846456698,,
CanESM2,Mon Jan 01 1962 00:00:00 GMT-0800 (Pacific Standard Time),74.95109375000004,,
CanESM2,Tue Jan 01 1963 00:00:00 GMT-0800 (Pacific Standard Time),74.5642642716536,,
CanESM2,Wed Jan 01 1964 00:00:00 GMT-0800 (Pacific Standard Time),73.2178075787402,,
CanESM2,Fri Jan 01 1965 00:00:00 GMT-0800 (Pacific Standard Time),70.8679306102363,,
CanESM2,Sat Jan 01 1966 00:00:00 GMT-0800 (Pacific Standard Time),73.14910063976379,,
CanESM2,Sun Jan 01 1967 00:00:00 GMT-0800 (Pacific Standard Time),75.15167814960634,,
CanESM2,Mon Jan 01 1968 00:00:00 GMT-0800 (Pacific Standard Time),73.29354576771664,,
CanESM2,Wed Jan 01 1969 00:00:00 GMT-0800 (Pacific Standard Time),73.93920275590554,,
CanESM2,Thu Jan 01 1970 00:00:00 GMT-0800 (Pacific Standard Time),72.67634596456698,,
CanESM2,Fri Jan 01 1971 00:00:00 GMT-0800 (Pacific Standard Time),72.8490821850394,,
CanESM2,Sat Jan 01 1972 00:00:00 GMT-0800 (Pacific Standard Time),73.82044660433071,,
CanESM2,Mon Jan 01 1973 00:00:00 GMT-0800 (Pacific Standard Time),73.24576648622053,,
CanESM2,Tue Jan 01 1974 00:00:00 GMT-0800 (Pacific Standard Time),74.57245816929135,,
CanESM2,Wed Jan 01 1975 00:00:00 GMT-0800 (Pacific Standard Time),73.93831692913392,,
CanESM2,Thu Jan 01 1976 00:00:00 GMT-0800 (Pacific Standard Time),74.53458907480325,,
CanESM2,Sat Jan 01 1977 00:00:00 GMT-0800 (Pacific Standard Time),72.99862081692922,,
CanESM2,Sun Jan 01 1978 00:00:00 GMT-0800 (Pacific Standard Time),74.71933932086617,,
CanESM2,Mon Jan 01 1979 00:00:00 GMT-0800 (Pacific Standard Time),74.00242864173231,,
CanESM2,Tue Jan 01 1980 00:00:00 GMT-0800 (Pacific Standard Time),75.33615157480324,,
CanESM2,Thu Jan 01 1981 00:00:00 GMT-0800 (Pacific Standard Time),75.26395669291344,,
CanESM2,Fri Jan 01 1982 00:00:00 GMT-0800 (Pacific Standard Time),73.77975393700794,,
CanESM2,Sat Jan 01 1983 00:00:00 GMT-0800 (Pacific Standard Time),72.79648622047247,,
CanESM2,Sun Jan 01 1984 00:00:00 GMT-0800 (Pacific Standard Time),73.83329109251972,,
CanESM2,Tue Jan 01 1985 00:00:00 GMT-0800 (Pacific Standard Time),73.81247416338586,,
CanESM2,Wed Jan 01 1986 00:00:00 GMT-0800 (Pacific Standard Time),73.91639271653551,,
CanESM2,Thu Jan 01 1987 00:00:00 GMT-0800 (Pacific Standard Time),73.92203986220474,,
CanESM2,Fri Jan 01 1988 00:00:00 GMT-0800 (Pacific Standard Time),74.06947465551184,,
CanESM2,Sun Jan 01 1989 00:00:00 GMT-0800 (Pacific Standard Time),73.51206815944889,,
CanESM2,Mon Jan 01 1990 00:00:00 GMT-0800 (Pacific Standard Time),74.4228088090552,,
CanESM2,Tue Jan 01 1991 00:00:00 GMT-0800 (Pacific Standard Time),75.1100442913386,,
CanESM2,Wed Jan 01 1992 00:00:00 GMT-0800 (Pacific Standard Time),73.17384842519684,,
CanESM2,Fri Jan 01 1993 00:00:00 GMT-0800 (Pacific Standard Time),75.59758120078746,,
CanESM2,Sat Jan 01 1994 00:00:00 GMT-0800 (Pacific Standard Time),73.27898499015748,,
CanESM2,Sun Jan 01 1995 00:00:00 GMT-0800 (Pacific Standard Time),75.34019315944889,,
CanESM2,Mon Jan 01 1996 00:00:00 GMT-0800 (Pacific Standard Time),75.15621801181103,,
CanESM2,Wed Jan 01 1997 00:00:00 GMT-0800 (Pacific Standard Time),74.04948818897647,,
CanESM2,Thu Jan 01 1998 00:00:00 GMT-0800 (Pacific Standard Time),76.43629306102362,,
CanESM2,Fri Jan 01 1999 00:00:00 GMT-0800 (Pacific Standard Time),76.32257504921263,,
CanESM2,Sat Jan 01 2000 00:00:00 GMT-0800 (Pacific Standard Time),75.14614173228347,,
CanESM2,Mon Jan 01 2001 00:00:00 GMT-0800 (Pacific Standard Time),75.5980794783465,,
CanESM2,Tue Jan 01 2002 00:00:00 GMT-0800 (Pacific Standard Time),76.40180118110244,,
CanESM2,Wed Jan 01 2003 00:00:00 GMT-0800 (Pacific Standard Time),74.70156742125988,,
CanESM2,Thu Jan 01 2004 00:00:00 GMT-0800 (Pacific Standard Time),75.41637426181103,,
CanESM2,Sat Jan 01 2005 00:00:00 GMT-0800 (Pacific Standard Time),76.06574064960634,,
CanESM2,Sun Jan 01 2006 00:00:00 GMT-0800 (Pacific Standard Time),74.61088090551183,,
CanESM2,Mon Jan 01 2007 00:00:00 GMT-0800 (Pacific Standard Time),75.85137057086618,,
CanESM2,Tue Jan 01 2008 00:00:00 GMT-0800 (Pacific Standard Time),76.10106299212602,,
CanESM2,Thu Jan 01 2009 00:00:00 GMT-0800 (Pacific Standard Time),75.86355068897646,,
CanESM2,Fri Jan 01 2010 00:00:00 GMT-0800 (Pacific Standard Time),76.82389763779534,,
CanESM2,Sat Jan 01 2011 00:00:00 GMT-0800 (Pacific Standard Time),76.52902805118117,,
CanESM2,Sun Jan 01 2012 00:00:00 GMT-0800 (Pacific Standard Time),76.4505216535434,,
CanESM2,Tue Jan 01 2013 00:00:00 GMT-0800 (Pacific Standard Time),77.51052411417328,,
CanESM2,Wed Jan 01 2014 00:00:00 GMT-0800 (Pacific Standard Time),74.08591781496068,,
CanESM2,Thu Jan 01 2015 00:00:00 GMT-0800 (Pacific Standard Time),75.51132381889764,,
CanESM2,Fri Jan 01 2016 00:00:00 GMT-0800 (Pacific Standard Time),76.13201156496069,,
CanESM2,Sun Jan 01 2017 00:00:00 GMT-0800 (Pacific Standard Time),75.96298474409454,,
CanESM2,Mon Jan 01 2018 00:00:00 GMT-0800 (Pacific Standard Time),77.87360236220474,,
CanESM2,Tue Jan 01 2019 00:00:00 GMT-0800 (Pacific Standard Time),76.33414616141732,,
CanESM2,Wed Jan 01 2020 00:00:00 GMT-0800 (Pacific Standard Time),77.30246555118117,,
CanESM2,Fri Jan 01 2021 00:00:00 GMT-0800 (Pacific Standard Time),77.70153051181103,,
CanESM2,Sat Jan 01 2022 00:00:00 GMT-0800 (Pacific Standard Time),75.91836122047246,,
CanESM2,Sun Jan 01 2023 00:00:00 GMT-0800 (Pacific Standard Time),77.21510088582681,,
CanESM2,Mon Jan 01 2024 00:00:00 GMT-0800 (Pacific Standard Time),77.9721505905512,,
CanESM2,Wed Jan 01 2025 00:00:00 GMT-0800 (Pacific Standard Time),76.89088828740165,,
CanESM2,Thu Jan 01 2026 00:00:00 GMT-0800 (Pacific Standard Time),78.40764517716538,,
CanESM2,Fri Jan 01 2027 00:00:00 GMT-0800 (Pacific Standard Time),76.15675935039374,,
CanESM2,Sat Jan 01 2028 00:00:00 GMT-0800 (Pacific Standard Time),76.96983759842522,,
CanESM2,Mon Jan 01 2029 00:00:00 GMT-0800 (Pacific Standard Time),77.05299458661423,,
CanESM2,Tue Jan 01 2030 00:00:00 GMT-0800 (Pacific Standard Time),78.09206938976378,,
CanESM2,Wed Jan 01 2031 00:00:00 GMT-0800 (Pacific Standard Time),78.09505905511813,,
CanESM2,Thu Jan 01 2032 00:00:00 GMT-0800 (Pacific Standard Time),78.09948818897647,,
CanESM2,Sat Jan 01 2033 00:00:00 GMT-0800 (Pacific Standard Time),77.31237573818905,,
CanESM2,Sun Jan 01 2034 00:00:00 GMT-0800 (Pacific Standard Time),78.05641486220475,,
CanESM2,Mon Jan 01 2035 00:00:00 GMT-0800 (Pacific Standard Time),76.71195127952763,,
CanESM2,Tue Jan 01 2036 00:00:00 GMT-0800 (Pacific Standard Time),79.17266732283471,,
CanESM2,Thu Jan 01 2037 00:00:00 GMT-0800 (Pacific Standard Time),78.32360236220474,,
CanESM2,Fri Jan 01 2038 00:00:00 GMT-0800 (Pacific Standard Time),78.12855437992133,,
CanESM2,Sat Jan 01 2039 00:00:00 GMT-0800 (Pacific Standard Time),78.4846013779528,,
CanESM2,Sun Jan 01 2040 00:00:00 GMT-0800 (Pacific Standard Time),77.41396899606309,,
CanESM2,Tue Jan 01 2041 00:00:00 GMT-0800 (Pacific Standard Time),78.04822096456698,,
CanESM2,Wed Jan 01 2042 00:00:00 GMT-0800 (Pacific Standard Time),77.18376476377956,,
CanESM2,Thu Jan 01 2043 00:00:00 GMT-0800 (Pacific Standard Time),78.56532234251972,,
CanESM2,Fri Jan 01 2044 00:00:00 GMT-0800 (Pacific Standard Time),77.08942421259844,,
CanESM2,Sun Jan 01 2045 00:00:00 GMT-0800 (Pacific Standard Time),79.25754060039375,,
CanESM2,Mon Jan 01 2046 00:00:00 GMT-0800 (Pacific Standard Time),78.01090551181103,,
CanESM2,Tue Jan 01 2047 00:00:00 GMT-0800 (Pacific Standard Time),78.04312746063002,,
CanESM2,Wed Jan 01 2048 00:00:00 GMT-0800 (Pacific Standard Time),78.99799335629925,,
CanESM2,Fri Jan 01 2049 00:00:00 GMT-0800 (Pacific Standard Time),77.6691978346457,,
CanESM2,Sat Jan 01 2050 00:00:00 GMT-0800 (Pacific Standard Time),78.42896038385828,,
CanESM2,Sun Jan 01 2051 00:00:00 GMT-0800 (Pacific Standard Time),78.17910187007877,,
CanESM2,Mon Jan 01 2052 00:00:00 GMT-0800 (Pacific Standard Time),77.31414739173232,,
CanESM2,Wed Jan 01 2053 00:00:00 GMT-0800 (Pacific Standard Time),79.55778051181103,,
CanESM2,Thu Jan 01 2054 00:00:00 GMT-0800 (Pacific Standard Time),79.59404404527567,,
CanESM2,Fri Jan 01 2055 00:00:00 GMT-0800 (Pacific Standard Time),79.90303149606308,,
CanESM2,Sat Jan 01 2056 00:00:00 GMT-0800 (Pacific Standard Time),79.225595472441,,
CanESM2,Mon Jan 01 2057 00:00:00 GMT-0800 (Pacific Standard Time),77.83617618110245,,
CanESM2,Tue Jan 01 2058 00:00:00 GMT-0800 (Pacific Standard Time),80.05484005905518,,
CanESM2,Wed Jan 01 2059 00:00:00 GMT-0800 (Pacific Standard Time),78.91738312007877,,
CanESM2,Thu Jan 01 2060 00:00:00 GMT-0800 (Pacific Standard Time),78.58746801181104,,
CanESM2,Sat Jan 01 2061 00:00:00 GMT-0800 (Pacific Standard Time),79.99128198818906,,
CanESM2,Sun Jan 01 2062 00:00:00 GMT-0800 (Pacific Standard Time),79.75509842519685,,
CanESM2,Mon Jan 01 2063 00:00:00 GMT-0800 (Pacific Standard Time),79.65477854330715,,
CanESM2,Tue Jan 01 2064 00:00:00 GMT-0800 (Pacific Standard Time),80.12127706692922,,
CanESM2,Thu Jan 01 2065 00:00:00 GMT-0800 (Pacific Standard Time),78.99516978346458,,
CanESM2,Fri Jan 01 2066 00:00:00 GMT-0800 (Pacific Standard Time),78.67660433070873,,
CanESM2,Sat Jan 01 2067 00:00:00 GMT-0800 (Pacific Standard Time),78.44241387795279,,
CanESM2,Sun Jan 01 2068 00:00:00 GMT-0800 (Pacific Standard Time),79.72044045275598,,
CanESM2,Tue Jan 01 2069 00:00:00 GMT-0800 (Pacific Standard Time),79.34352116141733,,
CanESM2,Wed Jan 01 2070 00:00:00 GMT-0800 (Pacific Standard Time),79.48735728346458,,
CanESM2,Thu Jan 01 2071 00:00:00 GMT-0800 (Pacific Standard Time),80.2721998031497,,
CanESM2,Fri Jan 01 2072 00:00:00 GMT-0800 (Pacific Standard Time),79.62360851377957,,
CanESM2,Sun Jan 01 2073 00:00:00 GMT-0800 (Pacific Standard Time),79.04721210629924,,
CanESM2,Mon Jan 01 2074 00:00:00 GMT-0800 (Pacific Standard Time),81.36896407480324,,
CanESM2,Tue Jan 01 2075 00:00:00 GMT-0800 (Pacific Standard Time),79.79999876968506,,
CanESM2,Wed Jan 01 2076 00:00:00 GMT-0800 (Pacific Standard Time),79.94466535433071,,
CanESM2,Fri Jan 01 2077 00:00:00 GMT-0800 (Pacific Standard Time),79.25383120078746,,
CanESM2,Sat Jan 01 2078 00:00:00 GMT-0800 (Pacific Standard Time),79.90103838582681,,
CanESM2,Sun Jan 01 2079 00:00:00 GMT-0800 (Pacific Standard Time),79.9485408464567,,
CanESM2,Mon Jan 01 2080 00:00:00 GMT-0800 (Pacific Standard Time),80.18776943897646,,
CanESM2,Wed Jan 01 2081 00:00:00 GMT-0800 (Pacific Standard Time),78.65423720472441,,
CanESM2,Thu Jan 01 2082 00:00:00 GMT-0800 (Pacific Standard Time),81.3651439468504,,
CanESM2,Fri Jan 01 2083 00:00:00 GMT-0800 (Pacific Standard Time),78.47153543307087,,
CanESM2,Sat Jan 01 2084 00:00:00 GMT-0800 (Pacific Standard Time),79.40231791338586,,
CanESM2,Mon Jan 01 2085 00:00:00 GMT-0800 (Pacific Standard Time),80.44870078740163,,
CanESM2,Tue Jan 01 2086 00:00:00 GMT-0800 (Pacific Standard Time),79.28018454724409,,
CanESM2,Wed Jan 01 2087 00:00:00 GMT-0800 (Pacific Standard Time),79.94876230314969,,
CanESM2,Thu Jan 01 2088 00:00:00 GMT-0800 (Pacific Standard Time),80.08207923228346,,
CanESM2,Sat Jan 01 2089 00:00:00 GMT-0800 (Pacific Standard Time),79.16945620078747,,
CanESM2,Sun Jan 01 2090 00:00:00 GMT-0800 (Pacific Standard Time),80.13218380905519,,
CanESM2,Mon Jan 01 2091 00:00:00 GMT-0800 (Pacific Standard Time),77.9639013287402,,
CanESM2,Tue Jan 01 2092 00:00:00 GMT-0800 (Pacific Standard Time),81.07525713582682,,
CanESM2,Thu Jan 01 2093 00:00:00 GMT-0800 (Pacific Standard Time),78.3551599409449,,
CanESM2,Fri Jan 01 2094 00:00:00 GMT-0800 (Pacific Standard Time),78.30721456692922,,
CanESM2,Sat Jan 01 2095 00:00:00 GMT-0800 (Pacific Standard Time),80.2108009350394,,
CanESM2,Sun Jan 01 2096 00:00:00 GMT-0800 (Pacific Standard Time),79.40890625000004,,
CanESM2,Tue Jan 01 2097 00:00:00 GMT-0800 (Pacific Standard Time),79.52733021653552,,
CanESM2,Wed Jan 01 2098 00:00:00 GMT-0800 (Pacific Standard Time),79.06265871063002,,
CanESM2,Thu Jan 01 2099 00:00:00 GMT-0800 (Pacific Standard Time),80.30995816929135,,
CanESM2,Fri Jan 01 2100 00:00:00 GMT-0800 (Pacific Standard Time),80.14303518700794,,
MIROC5,Sun Jan 01 1950 00:00:00 GMT-0800 (Pacific Standard Time),73.44131274606309,,
MIROC5,Mon Jan 01 1951 00:00:00 GMT-0800 (Pacific Standard Time),75.13440452755908,,
MIROC5,Tue Jan 01 1952 00:00:00 GMT-0800 (Pacific Standard Time),73.65452017716538,,
MIROC5,Thu Jan 01 1953 00:00:00 GMT-0800 (Pacific Standard Time),75.23572096456698,,
MIROC5,Fri Jan 01 1954 00:00:00 GMT-0800 (Pacific Standard Time),74.35936146653552,,
MIROC5,Sat Jan 01 1955 00:00:00 GMT-0800 (Pacific Standard Time),75.74927903543312,,
MIROC5,Sun Jan 01 1956 00:00:00 GMT-0800 (Pacific Standard Time),73.6194192913386,,
MIROC5,Tue Jan 01 1957 00:00:00 GMT-0800 (Pacific Standard Time),75.97079109251973,,
MIROC5,Wed Jan 01 1958 00:00:00 GMT-0800 (Pacific Standard Time),73.33097194881893,,
MIROC5,Thu Jan 01 1959 00:00:00 GMT-0800 (Pacific Standard Time),74.06144685039375,,
MIROC5,Fri Jan 01 1960 00:00:00 GMT-0800 (Pacific Standard Time),73.22705339566937,,
MIROC5,Sun Jan 01 1961 00:00:00 GMT-0800 (Pacific Standard Time),73.06395054133861,,
MIROC5,Mon Jan 01 1962 00:00:00 GMT-0800 (Pacific Standard Time),76.2168294783465,,
MIROC5,Tue Jan 01 1963 00:00:00 GMT-0800 (Pacific Standard Time),75.64835014763781,,
MIROC5,Wed Jan 01 1964 00:00:00 GMT-0800 (Pacific Standard Time),75.99509596456699,,
MIROC5,Fri Jan 01 1965 00:00:00 GMT-0800 (Pacific Standard Time),72.37538631889765,,
MIROC5,Sat Jan 01 1966 00:00:00 GMT-0800 (Pacific Standard Time),72.08876599409456,,
MIROC5,Sun Jan 01 1967 00:00:00 GMT-0800 (Pacific Standard Time),73.56427657480324,,
MIROC5,Mon Jan 01 1968 00:00:00 GMT-0800 (Pacific Standard Time),75.1596505905512,,
MIROC5,Wed Jan 01 1969 00:00:00 GMT-0800 (Pacific Standard Time),73.52557701771663,,
MIROC5,Thu Jan 01 1970 00:00:00 GMT-0800 (Pacific Standard Time),74.49882381889765,,
MIROC5,Fri Jan 01 1971 00:00:00 GMT-0800 (Pacific Standard Time),72.24671998031502,,
MIROC5,Sat Jan 01 1972 00:00:00 GMT-0800 (Pacific Standard Time),73.60618725393701,,
MIROC5,Mon Jan 01 1973 00:00:00 GMT-0800 (Pacific Standard Time),74.0053075787402,,
MIROC5,Tue Jan 01 1974 00:00:00 GMT-0800 (Pacific Standard Time),73.42924335629925,,
MIROC5,Wed Jan 01 1975 00:00:00 GMT-0800 (Pacific Standard Time),73.11167445866148,,
MIROC5,Thu Jan 01 1976 00:00:00 GMT-0800 (Pacific Standard Time),72.1881446850394,,
MIROC5,Sat Jan 01 1977 00:00:00 GMT-0800 (Pacific Standard Time),73.47846210629925,,
MIROC5,Sun Jan 01 1978 00:00:00 GMT-0800 (Pacific Standard Time),74.10989050196858,,
MIROC5,Mon Jan 01 1979 00:00:00 GMT-0800 (Pacific Standard Time),73.22046505905519,,
MIROC5,Tue Jan 01 1980 00:00:00 GMT-0800 (Pacific Standard Time),73.10907234251972,,
MIROC5,Thu Jan 01 1981 00:00:00 GMT-0800 (Pacific Standard Time),72.20458784448826,,
MIROC5,Fri Jan 01 1982 00:00:00 GMT-0800 (Pacific Standard Time),73.07757012795278,,
MIROC5,Sat Jan 01 1983 00:00:00 GMT-0800 (Pacific Standard Time),73.26708169291342,,
MIROC5,Sun Jan 01 1984 00:00:00 GMT-0800 (Pacific Standard Time),75.70299458661424,,
MIROC5,Tue Jan 01 1985 00:00:00 GMT-0800 (Pacific Standard Time),72.57674581692922,,
MIROC5,Wed Jan 01 1986 00:00:00 GMT-0800 (Pacific Standard Time),73.8911466535434,,
MIROC5,Thu Jan 01 1987 00:00:00 GMT-0800 (Pacific Standard Time),72.89032849409455,,
MIROC5,Fri Jan 01 1988 00:00:00 GMT-0800 (Pacific Standard Time),74.99416707677167,,
MIROC5,Sun Jan 01 1989 00:00:00 GMT-0800 (Pacific Standard Time),75.37833907480325,,
MIROC5,Mon Jan 01 1990 00:00:00 GMT-0800 (Pacific Standard Time),73.92475270669294,,
MIROC5,Tue Jan 01 1991 00:00:00 GMT-0800 (Pacific Standard Time),74.51709399606308,,
MIROC5,Wed Jan 01 1992 00:00:00 GMT-0800 (Pacific Standard Time),74.16154527559056,,
MIROC5,Fri Jan 01 1993 00:00:00 GMT-0800 (Pacific Standard Time),71.37949557086617,,
MIROC5,Sat Jan 01 1994 00:00:00 GMT-0800 (Pacific Standard Time),74.95220103346458,,
MIROC5,Sun Jan 01 1995 00:00:00 GMT-0800 (Pacific Standard Time),74.25117987204729,,
MIROC5,Mon Jan 01 1996 00:00:00 GMT-0800 (Pacific Standard Time),74.4984916338583,,
MIROC5,Wed Jan 01 1997 00:00:00 GMT-0800 (Pacific Standard Time),74.65262549212602,,
MIROC5,Thu Jan 01 1998 00:00:00 GMT-0800 (Pacific Standard Time),75.01083169291343,,
MIROC5,Fri Jan 01 1999 00:00:00 GMT-0800 (Pacific Standard Time),73.90089074803151,,
MIROC5,Sat Jan 01 2000 00:00:00 GMT-0800 (Pacific Standard Time),75.36001353346458,,
MIROC5,Mon Jan 01 2001 00:00:00 GMT-0800 (Pacific Standard Time),76.21832431102362,,
MIROC5,Tue Jan 01 2002 00:00:00 GMT-0800 (Pacific Standard Time),74.93304502952762,,
MIROC5,Wed Jan 01 2003 00:00:00 GMT-0800 (Pacific Standard Time),74.92656742125988,,
MIROC5,Thu Jan 01 2004 00:00:00 GMT-0800 (Pacific Standard Time),73.4169525098426,,
MIROC5,Sat Jan 01 2005 00:00:00 GMT-0800 (Pacific Standard Time),74.25261934055119,,
MIROC5,Sun Jan 01 2006 00:00:00 GMT-0800 (Pacific Standard Time),75.65045398622053,,
MIROC5,Mon Jan 01 2007 00:00:00 GMT-0800 (Pacific Standard Time),77.93760334645668,,
MIROC5,Tue Jan 01 2008 00:00:00 GMT-0800 (Pacific Standard Time),76.96740157480323,,
MIROC5,Thu Jan 01 2009 00:00:00 GMT-0800 (Pacific Standard Time),75.13894438976378,,
MIROC5,Fri Jan 01 2010 00:00:00 GMT-0800 (Pacific Standard Time),74.55014640748036,,
MIROC5,Sat Jan 01 2011 00:00:00 GMT-0800 (Pacific Standard Time),75.29994340551184,,
MIROC5,Sun Jan 01 2012 00:00:00 GMT-0800 (Pacific Standard Time),76.65880167322842,,
MIROC5,Tue Jan 01 2013 00:00:00 GMT-0800 (Pacific Standard Time),76.19772883858276,,
MIROC5,Wed Jan 01 2014 00:00:00 GMT-0800 (Pacific Standard Time),75.43503198818905,,
MIROC5,Thu Jan 01 2015 00:00:00 GMT-0800 (Pacific Standard Time),75.10843873031503,,
MIROC5,Fri Jan 01 2016 00:00:00 GMT-0800 (Pacific Standard Time),74.95020792322842,,
MIROC5,Sun Jan 01 2017 00:00:00 GMT-0800 (Pacific Standard Time),76.87106791338586,,
MIROC5,Mon Jan 01 2018 00:00:00 GMT-0800 (Pacific Standard Time),76.1413681102363,,
MIROC5,Tue Jan 01 2019 00:00:00 GMT-0800 (Pacific Standard Time),76.39504675196858,,
MIROC5,Wed Jan 01 2020 00:00:00 GMT-0800 (Pacific Standard Time),73.76214812992131,,
MIROC5,Fri Jan 01 2021 00:00:00 GMT-0800 (Pacific Standard Time),73.80356053149615,,
MIROC5,Sat Jan 01 2022 00:00:00 GMT-0800 (Pacific Standard Time),77.2351427165355,,
MIROC5,Sun Jan 01 2023 00:00:00 GMT-0800 (Pacific Standard Time),77.37200295275599,,
MIROC5,Mon Jan 01 2024 00:00:00 GMT-0800 (Pacific Standard Time),76.62098794291343,,
MIROC5,Wed Jan 01 2025 00:00:00 GMT-0800 (Pacific Standard Time),76.96269562007876,,
MIROC5,Thu Jan 01 2026 00:00:00 GMT-0800 (Pacific Standard Time),76.68609621063001,,
MIROC5,Fri Jan 01 2027 00:00:00 GMT-0800 (Pacific Standard Time),74.43011687992131,,
MIROC5,Sat Jan 01 2028 00:00:00 GMT-0800 (Pacific Standard Time),76.11125000000004,,
MIROC5,Mon Jan 01 2029 00:00:00 GMT-0800 (Pacific Standard Time),77.17479576771663,,
MIROC5,Tue Jan 01 2030 00:00:00 GMT-0800 (Pacific Standard Time),76.90295767716538,,
MIROC5,Wed Jan 01 2031 00:00:00 GMT-0800 (Pacific Standard Time),76.7410728346457,,
MIROC5,Thu Jan 01 2032 00:00:00 GMT-0800 (Pacific Standard Time),75.7049876968504,,
MIROC5,Sat Jan 01 2033 00:00:00 GMT-0800 (Pacific Standard Time),74.99460999015749,,
MIROC5,Sun Jan 01 2034 00:00:00 GMT-0800 (Pacific Standard Time),77.37167076771664,,
MIROC5,Mon Jan 01 2035 00:00:00 GMT-0800 (Pacific Standard Time),78.71945620078745,,
MIROC5,Tue Jan 01 2036 00:00:00 GMT-0800 (Pacific Standard Time),76.36625738188985,,
MIROC5,Thu Jan 01 2037 00:00:00 GMT-0800 (Pacific Standard Time),76.87837598425199,,
MIROC5,Fri Jan 01 2038 00:00:00 GMT-0800 (Pacific Standard Time),75.98391240157487,,
MIROC5,Sat Jan 01 2039 00:00:00 GMT-0800 (Pacific Standard Time),78.15518454724409,,
MIROC5,Sun Jan 01 2040 00:00:00 GMT-0800 (Pacific Standard Time),77.03439222440954,,
MIROC5,Tue Jan 01 2041 00:00:00 GMT-0800 (Pacific Standard Time),78.7284251968504,,
MIROC5,Wed Jan 01 2042 00:00:00 GMT-0800 (Pacific Standard Time),79.2222736220473,,
MIROC5,Thu Jan 01 2043 00:00:00 GMT-0800 (Pacific Standard Time),75.43746801181103,,
MIROC5,Fri Jan 01 2044 00:00:00 GMT-0800 (Pacific Standard Time),75.76577755905518,,
MIROC5,Sun Jan 01 2045 00:00:00 GMT-0800 (Pacific Standard Time),79.20555364173231,,
MIROC5,Mon Jan 01 2046 00:00:00 GMT-0800 (Pacific Standard Time),78.16714320866149,,
MIROC5,Tue Jan 01 2047 00:00:00 GMT-0800 (Pacific Standard Time),79.17881274606307,,
MIROC5,Wed Jan 01 2048 00:00:00 GMT-0800 (Pacific Standard Time),75.83337721456698,,
MIROC5,Fri Jan 01 2049 00:00:00 GMT-0800 (Pacific Standard Time),76.31128075787407,,
MIROC5,Sat Jan 01 2050 00:00:00 GMT-0800 (Pacific Standard Time),78.76158833661424,,
MIROC5,Sun Jan 01 2051 00:00:00 GMT-0800 (Pacific Standard Time),77.9969537401575,,
MIROC5,Mon Jan 01 2052 00:00:00 GMT-0800 (Pacific Standard Time),78.663095472441,,
MIROC5,Wed Jan 01 2053 00:00:00 GMT-0800 (Pacific Standard Time),78.95896161417326,,
MIROC5,Thu Jan 01 2054 00:00:00 GMT-0800 (Pacific Standard Time),76.8333095472441,,
MIROC5,Fri Jan 01 2055 00:00:00 GMT-0800 (Pacific Standard Time),77.65779281496069,,
MIROC5,Sat Jan 01 2056 00:00:00 GMT-0800 (Pacific Standard Time),78.71497170275599,,
MIROC5,Mon Jan 01 2057 00:00:00 GMT-0800 (Pacific Standard Time),78.326813484252,,
MIROC5,Tue Jan 01 2058 00:00:00 GMT-0800 (Pacific Standard Time),78.39557578740164,,
MIROC5,Wed Jan 01 2059 00:00:00 GMT-0800 (Pacific Standard Time),78.26513779527568,,
MIROC5,Thu Jan 01 2060 00:00:00 GMT-0800 (Pacific Standard Time),75.13097194881892,,
MIROC5,Sat Jan 01 2061 00:00:00 GMT-0800 (Pacific Standard Time),79.01033956692922,,
MIROC5,Sun Jan 01 2062 00:00:00 GMT-0800 (Pacific Standard Time),78.72687500000004,,
MIROC5,Mon Jan 01 2063 00:00:00 GMT-0800 (Pacific Standard Time),78.2908267716536,,
MIROC5,Tue Jan 01 2064 00:00:00 GMT-0800 (Pacific Standard Time),79.10822342519685,,
MIROC5,Thu Jan 01 2065 00:00:00 GMT-0800 (Pacific Standard Time),77.74953125000005,,
MIROC5,Fri Jan 01 2066 00:00:00 GMT-0800 (Pacific Standard Time),77.05205339566938,,
MIROC5,Sat Jan 01 2067 00:00:00 GMT-0800 (Pacific Standard Time),79.95108759842522,,
MIROC5,Sun Jan 01 2068 00:00:00 GMT-0800 (Pacific Standard Time),77.39935285433071,,
MIROC5,Tue Jan 01 2069 00:00:00 GMT-0800 (Pacific Standard Time),78.4597982283465,,
MIROC5,Wed Jan 01 2070 00:00:00 GMT-0800 (Pacific Standard Time),78.97933562992132,,
MIROC5,Thu Jan 01 2071 00:00:00 GMT-0800 (Pacific Standard Time),77.96262795275598,,
MIROC5,Fri Jan 01 2072 00:00:00 GMT-0800 (Pacific Standard Time),80.24130659448826,,
MIROC5,Sun Jan 01 2073 00:00:00 GMT-0800 (Pacific Standard Time),77.03915354330714,,
MIROC5,Mon Jan 01 2074 00:00:00 GMT-0800 (Pacific Standard Time),76.8144857283465,,
MIROC5,Tue Jan 01 2075 00:00:00 GMT-0800 (Pacific Standard Time),79.31229576771662,,
MIROC5,Wed Jan 01 2076 00:00:00 GMT-0800 (Pacific Standard Time),79.85336983267717,,
MIROC5,Fri Jan 01 2077 00:00:00 GMT-0800 (Pacific Standard Time),80.42367618110245,,
MIROC5,Sat Jan 01 2078 00:00:00 GMT-0800 (Pacific Standard Time),78.90885703740165,,
MIROC5,Sun Jan 01 2079 00:00:00 GMT-0800 (Pacific Standard Time),79.79972194881893,,
MIROC5,Mon Jan 01 2080 00:00:00 GMT-0800 (Pacific Standard Time),77.8089923720473,,
MIROC5,Wed Jan 01 2081 00:00:00 GMT-0800 (Pacific Standard Time),81.11085629921263,,
MIROC5,Thu Jan 01 2082 00:00:00 GMT-0800 (Pacific Standard Time),79.8145595472441,,
MIROC5,Fri Jan 01 2083 00:00:00 GMT-0800 (Pacific Standard Time),80.94758735236229,,
MIROC5,Sat Jan 01 2084 00:00:00 GMT-0800 (Pacific Standard Time),77.28796013779535,,
MIROC5,Mon Jan 01 2085 00:00:00 GMT-0800 (Pacific Standard Time),79.70377583661423,,
MIROC5,Tue Jan 01 2086 00:00:00 GMT-0800 (Pacific Standard Time),81.62009596456699,,
MIROC5,Wed Jan 01 2087 00:00:00 GMT-0800 (Pacific Standard Time),77.86169906496067,,
MIROC5,Thu Jan 01 2088 00:00:00 GMT-0800 (Pacific Standard Time),80.15012180118117,,
MIROC5,Sat Jan 01 2089 00:00:00 GMT-0800 (Pacific Standard Time),77.6571838090552,,
MIROC5,Sun Jan 01 2090 00:00:00 GMT-0800 (Pacific Standard Time),78.36590059055119,,
MIROC5,Mon Jan 01 2091 00:00:00 GMT-0800 (Pacific Standard Time),78.51859498031503,,
MIROC5,Tue Jan 01 2092 00:00:00 GMT-0800 (Pacific Standard Time),79.23987942913391,,
MIROC5,Thu Jan 01 2093 00:00:00 GMT-0800 (Pacific Standard Time),79.68450910433071,,
MIROC5,Fri Jan 01 2094 00:00:00 GMT-0800 (Pacific Standard Time),80.10217642716538,,
MIROC5,Sat Jan 01 2095 00:00:00 GMT-0800 (Pacific Standard Time),80.27806840551183,,
MIROC5,Sun Jan 01 2096 00:00:00 GMT-0800 (Pacific Standard Time),80.77147391732292,,
MIROC5,Tue Jan 01 2097 00:00:00 GMT-0800 (Pacific Standard Time),80.01813361220474,,
MIROC5,Wed Jan 01 2098 00:00:00 GMT-0800 (Pacific Standard Time),79.17333169291342,,
MIROC5,Thu Jan 01 2099 00:00:00 GMT-0800 (Pacific Standard Time),79.09560039370083,,
Envelope,Sun Jan 01 1950 00:00:00 GMT-0800 (Pacific Standard Time),,72.19379183070873,75.50191190944889
Envelope,Mon Jan 01 1951 00:00:00 GMT-0800 (Pacific Standard Time),,72.00583046259845,75.42811146653551
Envelope,Tue Jan 01 1952 00:00:00 GMT-0800 (Pacific Standard Time),,72.27750246063002,75.22254429133861
Envelope,Thu Jan 01 1953 00:00:00 GMT-0800 (Pacific Standard Time),,71.94587106299215,77.83540108267717
Envelope,Fri Jan 01 1954 00:00:00 GMT-0800 (Pacific Standard Time),,71.95705462598426,76.03728346456697
Envelope,Sat Jan 01 1955 00:00:00 GMT-0800 (Pacific Standard Time),,72.01695866141733,75.79074680118117
Envelope,Sun Jan 01 1956 00:00:00 GMT-0800 (Pacific Standard Time),,71.79040846456698,75.84638779527566
Envelope,Tue Jan 01 1957 00:00:00 GMT-0800 (Pacific Standard Time),,72.13488435039375,76.00268085629924
Envelope,Wed Jan 01 1958 00:00:00 GMT-0800 (Pacific Standard Time),,71.3171001476378,75.45103223425198
Envelope,Thu Jan 01 1959 00:00:00 GMT-0800 (Pacific Standard Time),,71.92001599409454,76.69118971456697
Envelope,Fri Jan 01 1960 00:00:00 GMT-0800 (Pacific Standard Time),,71.24673228346458,75.6568208661418
Envelope,Sun Jan 01 1961 00:00:00 GMT-0800 (Pacific Standard Time),,71.65509842519685,75.74197096456697
Envelope,Mon Jan 01 1962 00:00:00 GMT-0800 (Pacific Standard Time),,71.93557332677167,76.27983390748037
Envelope,Tue Jan 01 1963 00:00:00 GMT-0800 (Pacific Standard Time),,72.29438853346457,76.64263533464569
Envelope,Wed Jan 01 1964 00:00:00 GMT-0800 (Pacific Standard Time),,71.55306225393701,75.99509596456699
Envelope,Fri Jan 01 1965 00:00:00 GMT-0800 (Pacific Standard Time),,70.8679306102363,76.22518946850394
Envelope,Sat Jan 01 1966 00:00:00 GMT-0800 (Pacific Standard Time),,71.52344242125989,76.88690206692922
Envelope,Sun Jan 01 1967 00:00:00 GMT-0800 (Pacific Standard Time),,71.12410063976378,75.65803887795279
Envelope,Mon Jan 01 1968 00:00:00 GMT-0800 (Pacific Standard Time),,71.0199052657481,77.71249261811023
Envelope,Wed Jan 01 1969 00:00:00 GMT-0800 (Pacific Standard Time),,71.44377337598425,75.5848474409449
Envelope,Thu Jan 01 1970 00:00:00 GMT-0800 (Pacific Standard Time),,70.36300935039375,75.80702386811024
Envelope,Fri Jan 01 1971 00:00:00 GMT-0800 (Pacific Standard Time),,71.23571481299214,75.4723474409449
Envelope,Sat Jan 01 1972 00:00:00 GMT-0800 (Pacific Standard Time),,71.98517962598426,76.08367864173232
Envelope,Mon Jan 01 1973 00:00:00 GMT-0800 (Pacific Standard Time),,72.11240649606307,76.0913188976378
Envelope,Tue Jan 01 1974 00:00:00 GMT-0800 (Pacific Standard Time),,71.99752583661423,77.41751230314969
Envelope,Wed Jan 01 1975 00:00:00 GMT-0800 (Pacific Standard Time),,71.57100024606308,74.95718380905518
Envelope,Thu Jan 01 1976 00:00:00 GMT-0800 (Pacific Standard Time),,71.87871432086618,76.14457923228346
Envelope,Sat Jan 01 1977 00:00:00 GMT-0800 (Pacific Standard Time),,72.39055610236228,76.48916584645669
Envelope,Sun Jan 01 1978 00:00:00 GMT-0800 (Pacific Standard Time),,72.09601870078745,76.20116141732292
Envelope,Mon Jan 01 1979 00:00:00 GMT-0800 (Pacific Standard Time),,70.75028174212602,75.94493602362212
Envelope,Tue Jan 01 1980 00:00:00 GMT-0800 (Pacific Standard Time),,72.31548228346458,76.29162647637796
Envelope,Thu Jan 01 1981 00:00:00 GMT-0800 (Pacific Standard Time),,72.05803887795278,76.18516117125989
Envelope,Fri Jan 01 1982 00:00:00 GMT-0800 (Pacific Standard Time),,71.94177411417327,76.01962229330714
Envelope,Sat Jan 01 1983 00:00:00 GMT-0800 (Pacific Standard Time),,70.91864419291343,76.26355684055119
Envelope,Sun Jan 01 1984 00:00:00 GMT-0800 (Pacific Standard Time),,71.18228838582681,75.95456938976378
Envelope,Tue Jan 01 1985 00:00:00 GMT-0800 (Pacific Standard Time),,72.18692667322841,76.44830708661422
Envelope,Wed Jan 01 1986 00:00:00 GMT-0800 (Pacific Standard Time),,72.01518700787406,76.74876845472443
Envelope,Thu Jan 01 1987 00:00:00 GMT-0800 (Pacific Standard Time),,72.10836491141733,77.76077017716537
Envelope,Fri Jan 01 1988 00:00:00 GMT-0800 (Pacific Standard Time),,72.70236712598427,76.45949064960634
Envelope,Sun Jan 01 1989 00:00:00 GMT-0800 (Pacific Standard Time),,71.9755462598426,76.7425123031497
Envelope,Mon Jan 01 1990 00:00:00 GMT-0800 (Pacific Standard Time),,72.95543676181103,76.583063484252
Envelope,Tue Jan 01 1991 00:00:00 GMT-0800 (Pacific Standard Time),,72.35938607283471,75.95180118110244
Envelope,Wed Jan 01 1992 00:00:00 GMT-0800 (Pacific Standard Time),,72.11910556102362,75.5629232283465
Envelope,Fri Jan 01 1993 00:00:00 GMT-0800 (Pacific Standard Time),,70.92827755905519,76.57149237204729
Envelope,Sat Jan 01 1994 00:00:00 GMT-0800 (Pacific Standard Time),,72.69970964566937,75.57222440944889
Envelope,Sun Jan 01 1995 00:00:00 GMT-0800 (Pacific Standard Time),,71.17021899606308,76.66810285433071
Envelope,Mon Jan 01 1996 00:00:00 GMT-0800 (Pacific Standard Time),,71.90589812992133,77.03904281496068
Envelope,Wed Jan 01 1997 00:00:00 GMT-0800 (Pacific Standard Time),,72.38308193897646,76.05466781496068
Envelope,Thu Jan 01 1998 00:00:00 GMT-0800 (Pacific Standard Time),,73.00559670275598,77.93040600393701
Envelope,Fri Jan 01 1999 00:00:00 GMT-0800 (Pacific Standard Time),,72.32052042322842,77.74183562992133
Envelope,Sat Jan 01 2000 00:00:00 GMT-0800 (Pacific Standard Time),,71.97023129921263,76.70702386811024
Envelope,Mon Jan 01 2001 00:00:00 GMT-0800 (Pacific Standard Time),,72.71410433070874,77.00532603346457
Envelope,Tue Jan 01 2002 00:00:00 GMT-0800 (Pacific Standard Time),,73.08664985236229,76.6376525590552
Envelope,Wed Jan 01 2003 00:00:00 GMT-0800 (Pacific Standard Time),,73.01251722440954,77.30080462598426
Envelope,Thu Jan 01 2004 00:00:00 GMT-0800 (Pacific Standard Time),,72.38656988188986,76.93207923228346
Envelope,Sat Jan 01 2005 00:00:00 GMT-0800 (Pacific Standard Time),,72.59606791338587,76.84975270669295
Envelope,Sun Jan 01 2006 00:00:00 GMT-0800 (Pacific Standard Time),,72.3709571850394,77.87565083661423
Envelope,Mon Jan 01 2007 00:00:00 GMT-0800 (Pacific Standard Time),,72.4164665354331,77.93760334645668
Envelope,Tue Jan 01 2008 00:00:00 GMT-0800 (Pacific Standard Time),,72.85871555118116,78.06521776574809
Envelope,Thu Jan 01 2009 00:00:00 GMT-0800 (Pacific Standard Time),,73.30727608267716,78.73977485236227
Envelope,Fri Jan 01 2010 00:00:00 GMT-0800 (Pacific Standard Time),,72.44885457677168,77.62069881889764
Envelope,Sat Jan 01 2011 00:00:00 GMT-0800 (Pacific Standard Time),,73.96815821850393,78.36977608267716
Envelope,Sun Jan 01 2012 00:00:00 GMT-0800 (Pacific Standard Time),,74.0688102854331,78.03504429133861
Envelope,Tue Jan 01 2013 00:00:00 GMT-0800 (Pacific Standard Time),,72.34809178149615,77.51052411417328
Envelope,Wed Jan 01 2014 00:00:00 GMT-0800 (Pacific Standard Time),,73.19555118110245,77.38434916338585
Envelope,Thu Jan 01 2015 00:00:00 GMT-0800 (Pacific Standard Time),,73.9988853346457,79.19027312992132
Envelope,Fri Jan 01 2016 00:00:00 GMT-0800 (Pacific Standard Time),,73.24709522637797,77.65945374015749
Envelope,Sun Jan 01 2017 00:00:00 GMT-0800 (Pacific Standard Time),,73.44413631889765,77.53964566929136
Envelope,Mon Jan 01 2018 00:00:00 GMT-0800 (Pacific Standard Time),,73.77687500000005,78.1489837598426
Envelope,Tue Jan 01 2019 00:00:00 GMT-0800 (Pacific Standard Time),,74.58264517716538,79.03912893700794
Envelope,Wed Jan 01 2020 00:00:00 GMT-0800 (Pacific Standard Time),,73.49540354330713,80.08207923228346
Envelope,Fri Jan 01 2021 00:00:00 GMT-0800 (Pacific Standard Time),,73.80090305118117,77.79476377952761
Envelope,Sat Jan 01 2022 00:00:00 GMT-0800 (Pacific Standard Time),,73.96527928149615,78.68712352362212
Envelope,Sun Jan 01 2023 00:00:00 GMT-0800 (Pacific Standard Time),,73.48261441929135,81.20541830708666
Envelope,Mon Jan 01 2024 00:00:00 GMT-0800 (Pacific Standard Time),,73.50536909448826,78.36817052165358
Envelope,Wed Jan 01 2025 00:00:00 GMT-0800 (Pacific Standard Time),,73.68264517716537,78.3503986220473
Envelope,Thu Jan 01 2026 00:00:00 GMT-0800 (Pacific Standard Time),,73.13764025590554,80.08479207677166
Envelope,Fri Jan 01 2027 00:00:00 GMT-0800 (Pacific Standard Time),,73.72815452755908,78.79286909448825
Envelope,Sat Jan 01 2028 00:00:00 GMT-0800 (Pacific Standard Time),,73.87653051181104,78.70738681102361
Envelope,Mon Jan 01 2029 00:00:00 GMT-0800 (Pacific Standard Time),,73.6529146161418,78.71906865157487
Envelope,Tue Jan 01 2030 00:00:00 GMT-0800 (Pacific Standard Time),,73.35666092519685,78.9912942913386
Envelope,Wed Jan 01 2031 00:00:00 GMT-0800 (Pacific Standard Time),,74.72216289370084,78.34829478346458
Envelope,Thu Jan 01 2032 00:00:00 GMT-0800 (Pacific Standard Time),,74.97872047244101,79.4340415846457
Envelope,Sat Jan 01 2033 00:00:00 GMT-0800 (Pacific Standard Time),,74.00563976377956,78.8686626476378
Envelope,Sun Jan 01 2034 00:00:00 GMT-0800 (Pacific Standard Time),,73.32211368110245,79.58540723425199
Envelope,Mon Jan 01 2035 00:00:00 GMT-0800 (Pacific Standard Time),,74.01477485236228,78.74503444881893
Envelope,Tue Jan 01 2036 00:00:00 GMT-0800 (Pacific Standard Time),,74.49860236220474,79.174937253937
Envelope,Thu Jan 01 2037 00:00:00 GMT-0800 (Pacific Standard Time),,74.9725196850394,80.80186884842522
Envelope,Fri Jan 01 2038 00:00:00 GMT-0800 (Pacific Standard Time),,74.86439345472442,79.77281496063001
Envelope,Sat Jan 01 2039 00:00:00 GMT-0800 (Pacific Standard Time),,74.66004429133861,78.81877952755909
Envelope,Sun Jan 01 2040 00:00:00 GMT-0800 (Pacific Standard Time),,74.23551181102363,78.50309301181103
Envelope,Tue Jan 01 2041 00:00:00 GMT-0800 (Pacific Standard Time),,73.08725885826777,79.46388287401584
Envelope,Wed Jan 01 2042 00:00:00 GMT-0800 (Pacific Standard Time),,74.92955708661424,79.41328001968506
Envelope,Thu Jan 01 2043 00:00:00 GMT-0800 (Pacific Standard Time),,75.372470472441,79.61646653543312
Envelope,Fri Jan 01 2044 00:00:00 GMT-0800 (Pacific Standard Time),,74.12040969488197,79.88420767716538
Envelope,Sun Jan 01 2045 00:00:00 GMT-0800 (Pacific Standard Time),,75.37778543307087,79.55207800196857
Envelope,Mon Jan 01 2046 00:00:00 GMT-0800 (Pacific Standard Time),,74.79546505905519,80.36033956692921
Envelope,Tue Jan 01 2047 00:00:00 GMT-0800 (Pacific Standard Time),,73.64372416338585,80.72170152559056
Envelope,Wed Jan 01 2048 00:00:00 GMT-0800 (Pacific Standard Time),,75.02799458661423,79.92301796259844
Envelope,Fri Jan 01 2049 00:00:00 GMT-0800 (Pacific Standard Time),,75.25587352362211,79.8702005413386
Envelope,Sat Jan 01 2050 00:00:00 GMT-0800 (Pacific Standard Time),,74.18247293307087,80.0027423720473
Envelope,Sun Jan 01 2051 00:00:00 GMT-0800 (Pacific Standard Time),,75.76156988188986,80.20792199803151
Envelope,Mon Jan 01 2052 00:00:00 GMT-0800 (Pacific Standard Time),,75.38409694881892,81.49043307086617
Envelope,Wed Jan 01 2053 00:00:00 GMT-0800 (Pacific Standard Time),,74.99953740157487,80.10422490157487
Envelope,Thu Jan 01 2054 00:00:00 GMT-0800 (Pacific Standard Time),,74.73473056102361,80.75862942913392
Envelope,Fri Jan 01 2055 00:00:00 GMT-0800 (Pacific Standard Time),,74.76379675196858,81.30463090551183
Envelope,Sat Jan 01 2056 00:00:00 GMT-0800 (Pacific Standard Time),,74.1397317913386,80.60626722440954
Envelope,Mon Jan 01 2057 00:00:00 GMT-0800 (Pacific Standard Time),,75.67309793307086,82.40316683070873
Envelope,Tue Jan 01 2058 00:00:00 GMT-0800 (Pacific Standard Time),,75.9130462598426,84.50678395669294
Envelope,Wed Jan 01 2059 00:00:00 GMT-0800 (Pacific Standard Time),,75.85480314960634,81.23431840551183
Envelope,Thu Jan 01 2060 00:00:00 GMT-0800 (Pacific Standard Time),,73.89181102362213,82.13669906496068
Envelope,Sat Jan 01 2061 00:00:00 GMT-0800 (Pacific Standard Time),,75.19702140748036,84.04936515748037
Envelope,Sun Jan 01 2062 00:00:00 GMT-0800 (Pacific Standard Time),,75.99470841535438,82.92525098425199
Envelope,Mon Jan 01 2063 00:00:00 GMT-0800 (Pacific Standard Time),,73.11632504921263,83.02379921259845
Envelope,Tue Jan 01 2064 00:00:00 GMT-0800 (Pacific Standard Time),,75.34550812007876,84.1313041338583
Envelope,Thu Jan 01 2065 00:00:00 GMT-0800 (Pacific Standard Time),,75.43791092519685,81.24882381889765
Envelope,Fri Jan 01 2066 00:00:00 GMT-0800 (Pacific Standard Time),,76.32905265748036,84.01609128937008
Envelope,Sat Jan 01 2067 00:00:00 GMT-0800 (Pacific Standard Time),,73.3303075787402,81.23869217519685
Envelope,Sun Jan 01 2068 00:00:00 GMT-0800 (Pacific Standard Time),,75.54343503937008,81.00632874015749
Envelope,Tue Jan 01 2069 00:00:00 GMT-0800 (Pacific Standard Time),,75.41117002952763,82.561065452756
Envelope,Wed Jan 01 2070 00:00:00 GMT-0800 (Pacific Standard Time),,74.85038631889765,80.4006446850394
Envelope,Thu Jan 01 2071 00:00:00 GMT-0800 (Pacific Standard Time),,76.00041092519685,80.88043061023632
Envelope,Fri Jan 01 2072 00:00:00 GMT-0800 (Pacific Standard Time),,73.52568774606308,82.10121062992133
Envelope,Sun Jan 01 2073 00:00:00 GMT-0800 (Pacific Standard Time),,75.41731545275599,81.6125110728347
Envelope,Mon Jan 01 2074 00:00:00 GMT-0800 (Pacific Standard Time),,75.18146407480324,82.03959030511813
Envelope,Tue Jan 01 2075 00:00:00 GMT-0800 (Pacific Standard Time),,75.3420755413386,82.57789616141733
Envelope,Wed Jan 01 2076 00:00:00 GMT-0800 (Pacific Standard Time),,75.76289862204729,82.13752952755908
Envelope,Fri Jan 01 2077 00:00:00 GMT-0800 (Pacific Standard Time),,76.07072342519685,82.07900959645669
Envelope,Sat Jan 01 2078 00:00:00 GMT-0800 (Pacific Standard Time),,75.85419414370085,81.42028666338587
Envelope,Sun Jan 01 2079 00:00:00 GMT-0800 (Pacific Standard Time),,75.13169168307087,81.68409694881893
Envelope,Mon Jan 01 2080 00:00:00 GMT-0800 (Pacific Standard Time),,75.8392458169292,82.669468503937
Envelope,Wed Jan 01 2081 00:00:00 GMT-0800 (Pacific Standard Time),,75.52295029527568,83.11149606299216
Envelope,Thu Jan 01 2082 00:00:00 GMT-0800 (Pacific Standard Time),,75.81715551181102,82.2296001476378
Envelope,Fri Jan 01 2083 00:00:00 GMT-0800 (Pacific Standard Time),,75.35143208661424,81.92742249015748
Envelope,Sat Jan 01 2084 00:00:00 GMT-0800 (Pacific Standard Time),,76.0832357283465,82.4521087598426
Envelope,Mon Jan 01 2085 00:00:00 GMT-0800 (Pacific Standard Time),,75.90485236220474,82.52651820866149
Envelope,Tue Jan 01 2086 00:00:00 GMT-0800 (Pacific Standard Time),,75.74728592519685,81.63770177165358
Envelope,Wed Jan 01 2087 00:00:00 GMT-0800 (Pacific Standard Time),,75.67409448818906,81.48855068897646
Envelope,Thu Jan 01 2088 00:00:00 GMT-0800 (Pacific Standard Time),,75.7238115157481,81.15675319881893
Envelope,Sat Jan 01 2089 00:00:00 GMT-0800 (Pacific Standard Time),,75.54050073818905,82.83234990157487
Envelope,Sun Jan 01 2090 00:00:00 GMT-0800 (Pacific Standard Time),,75.90036786417326,80.806187253937
Envelope,Mon Jan 01 2091 00:00:00 GMT-0800 (Pacific Standard Time),,75.33864296259844,82.727157972441
Envelope,Tue Jan 01 2092 00:00:00 GMT-0800 (Pacific Standard Time),,75.8971013779528,81.86009965551183
Envelope,Thu Jan 01 2093 00:00:00 GMT-0800 (Pacific Standard Time),,75.68527805118117,81.33762795275598
Envelope,Fri Jan 01 2094 00:00:00 GMT-0800 (Pacific Standard Time),,75.07505413385829,82.81939468503941
Envelope,Sat Jan 01 2095 00:00:00 GMT-0800 (Pacific Standard Time),,74.66336614173231,82.1543048720473
Envelope,Sun Jan 01 2096 00:00:00 GMT-0800 (Pacific Standard Time),,76.24301673228345,83.02601377952762
Envelope,Tue Jan 01 2097 00:00:00 GMT-0800 (Pacific Standard Time),,76.74195866141733,82.82398991141733
Envelope,Wed Jan 01 2098 00:00:00 GMT-0800 (Pacific Standard Time),,74.76590059055118,81.81254183070874
Envelope,Thu Jan 01 2099 00:00:00 GMT-0800 (Pacific Standard Time),,75.6919771161418,81.88750492125988
Envelope,Fri Jan 01 2100 00:00:00 GMT-0800 (Pacific Standard Time),,75.19010088582681,82.37736712598425